title,abstract,tag,,,,,,,,,,
White paper on Ivermectin as a potential therapy for COVID-19,"A group of senior doctors with vast clinical experience met on 19th July'20 under the aegis of Academy of Advanced Medical Education. The panel looked at Ivermectin, one of the old molecule and evaluated it's use in COVID 19 (Novel Coronavirus Disease 2019) management. After critical panel discussion, all the attending doctors came to a conclusion that Ivermectin can be a potential molecule for prophylaxis and treatment of people infected with Coronavirus, owing to its anti-viral properties coupled with effective cost, availability and good tolerability and safety. Copyright © 2020 Tuberculosis Association of India",Excluded,,,,,,,,,,
What to expect from different drugs used in the treatment of COVID-19: A study on applications and in vivo and in vitro results,"The end of 2019 was marked by the emergence of a new type of coronavirus (SARS-CoV-2), which has killed more than 240,000 people around the world so far. Several clinical studies are being performed to test possible drugs in response to the COVID-19 outbreak; however, there is still no treatment that is completely effective. Our goal in this paper is to bring together the results of main studies carried out with different drugs in order to help spread the knowledge about possible treatments for COVID-19 that have been suggested so far. Copyright © 2020 Elsevier B.V.",Excluded,,,,,,,,,,
What does the COVID-19 pandemic mean for the next decade of onchocerciasis control and elimination?,"Background: Mass drug administration (MDA) of ivermectin for onchocerciasis has been disrupted by the coronavirus disease 2019 (COVID-19) pandemic. Mathematical modelling can help predict how missed/delayed MDA will affect short-term epidemiological trends and elimination prospects by 2030. Method(s): Two onchocerciasis transmission models (EPIONCHO-IBM and ONCHOSIM) are used to simulate microfilarial prevalence trends, elimination probabilities and age profiles of Onchocerca volvulus microfilarial prevalence and intensity for different treatment histories and transmission settings, assuming no interruption, a 1-y (2020) interruption or a 2-y (2020-2021) interruption. Biannual MDA or increased coverage upon MDA resumption are investigated as remedial strategies. Result(s): Programmes with shorter MDA histories and settings with high pre-intervention endemicity will be the most affected. Biannual MDA is more effective than increasing coverage for mitigating COVID-19's impact on MDA. Programmes that had already switched to biannual MDA should be minimally affected. In high-transmission settings with short treatment history, a 2-y interruption could lead to increased microfilarial load in children (EPIONCHO-IBM) and adults (ONCHOSIM). Conclusion(s): Programmes with shorter (annual MDA) treatment histories should be prioritised for remedial biannual MDA. Increases in microfilarial load could have short- A nd long-term morbidity and mortality repercussions. These results can guide decision-making to mitigate the impact of COVID-19 on onchocerciasis elimination. Copyright © 2021 Oxford University Press. All rights reserved.",Excluded,,,,,,,,,,
Variation in therapeutic strategies for the management of severe COVID-19 in India: A nationwide cross-sectional survey,"Aim: During the pandemic of coronavirus disease 2019 (COVID-19), the physicians are using various off-label therapeutics to manage COVID-19. We undertook a cross-sectional survey to study the current variation in therapeutic strategies for managing severe COVID-19 in India. Method(s): From January 4 to January 18, 2021, an online cross-sectional survey was conducted among physicians involved in the management of severe COVID-19. The survey had three sections: 1. Antiviral agents, 2. Immunomodulators, and 3. Adjuvant therapies. Result(s): 1055 respondents (from 24 states and five union territories), of which 64.2% were consultants, 54.3% working in private hospitals, and 39.1% were from critical care medicine completed the survey. Remdesivir (95.2%), antithrombotics (94.2%), corticosteroids (90.3%), vitamins (89.7%) and empirical antibiotics (85.6%) were the commonly used therapeutics. Ivermectin (33%), convalescent plasma (28.6%) and favipiravir (17.6%) were other antiviral agents used. Methylprednisolone (50.2%) and dexamethasone (44.1%) were preferred corticosteroids and at a dose equivalent of 8 mg of dexamethasone phosphate (70.2%). There was significant variation among physicians from different medical specialities in the use of favipiravir, corticosteroids, empirical antibiotics and vitamins. Conclusion(s): There is a considerable variation in the physicians' choice of therapeutic strategies for the management of severe COVID-19 in India, as compared with the available evidence. Copyright © 2021 John Wiley & Sons Ltd",Excluded,,,,,,,,,,
Use of Ivermectin Is Associated With Lower Mortality in Hospitalized Patients With Coronavirus Disease 2019: The Ivermectin in COVID Nineteen Study,"Background: Ivermectin was shown to inhibit severe acute respiratory syndrome coronavirus 2 replication in vitro, which has led to off-label use, but clinical efficacy has not been described previously. Research Question: Does ivermectin benefit hospitalized coronavirus disease 2019 (COVID-19) patients? Study Design and Methods: Charts of consecutive patients hospitalized at four Broward Health hospitals in Florida with confirmed COVID-19 between March 15 and May 11, 2020, treated with or without ivermectin were reviewed. Hospital ivermectin dosing guidelines were provided, but treatment decisions were at the treating physician's discretion. The primary outcome was all-cause in-hospital mortality. Secondary outcomes included mortality in patients with severe pulmonary involvement, extubation rates for mechanically ventilated patients, and length of stay. Severe pulmonary involvement was defined as need for FIO<inf>2</inf> >= 50%, noninvasive ventilation, or invasive ventilation at study entry. Logistic regression and propensity score matching were used to adjust for confounders. Result(s): Two hundred eighty patients, 173 treated with ivermectin and 107 without ivermectin, were reviewed. Most patients in both groups also received hydroxychloroquine, azithromycin, or both. Univariate analysis showed lower mortality in the ivermectin group (15.0% vs 25.2%; OR, 0.52; 95% CI, 0.29-0.96; P =.03). Mortality also was lower among ivermectin-treated patients with severe pulmonary involvement (38.8% vs 80.7%; OR, 0.15; 95% CI, 0.05-0.47; P =.001). No significant differences were found in extubation rates (36.1% vs 15.4%; OR, 3.11; 95% CI, 0.88-11.00; P =.07) or length of stay. After multivariate adjustment for confounders and mortality risks, the mortality difference remained significant (OR, 0.27; 95% CI, 0.09-0.80; P =.03). One hundred ninety-six patients were included in the propensity-matched cohort. Mortality was significantly lower in the ivermectin group (13.3% vs 24.5%; OR, 0.47; 95% CI, 0.22-0.99; P <.05), an 11.2% (95% CI, 0.38%-22.1%) absolute risk reduction, with a number needed to treat of 8.9 (95% CI, 4.5-263). Interpretation(s): Ivermectin treatment was associated with lower mortality during treatment of COVID-19, especially in patients with severe pulmonary involvement. Randomized controlled trials are needed to confirm these findings. Copyright © 2020 The Authors",Included,,,,,,,,,,
Use of ivermectin in the treatment of Covid-19: A pilot trial,"Objectives: In this randomized open-label trial pilot study we assessed the antiviral effects and safety of various doses of ivermectin in patients with mild clinical symptoms of COVID-19. Method(s): Patients were randomly assigned to receive standard of care (SOC) treatment at hospital admission; SOC plus ivermectin 100 mcg/kg; SOC plus ivermectin 200 mcg/kg; or SOC plus ivermectin 400 mcg/kg. The primary assessed endpoint was the proportion of patients who achieved two consecutive negative SARS-CoV-2 RT PCR tests within 7 days of the start of the dosing period. This study was registered at ClinicalTrials.gov (NCT04431466). Result(s): A total of 32 patients were enrolled and randomized to treatment. SOC treatment together with ivermectin did not result in any serious adverse events. All patients exhibited a reduction in SARS-CoV-2 viral load within 7 days; however, those who received ivermectin had a more consistent decrease as compared to the SOC alone group, characterized by a shorter time for obtaining two consecutive negative SARS-CoV-2 RT PCR tests. Conclusion(s): Ivermectin is safe in patients with SARS-CoV-2, reducing symptomatology and the SARS-CoV-2 viral load. This antiviral effect appears to depend on the dose used, and if confirmed in future studies, it suggests that ivermectin may be a useful adjuvant to the SOC treatment in patients with mild COVID-19 symptoms. Copyright © 2021 The Author(s)",Included,,,,,,,,,,
Use of ivermectin as a potential chemoprophylaxis for covid-19 in egypt: A randomised clinical trial,"Introduction: The rate of secondary attacks of SARS-COV-2 is high among household close contacts. Social distancing, isolation and infection control measures are important for preventing exposure to infection, but insufficient. Aim(s): The study aimed to evaluate possible role of oral ivermectin as a chemoprophylaxis in asymptomatic family close contacts with COVID-19 patients. Material(s) and Method(s): A prospective interventional randomised open label-controlled study was conducted (registered at clinicaltrials.gov; NCT04422561) during June and July 2020. Two arms were designed according to use of ivermectin. In ivermectin arm, contacts received ivermectin according to Body Weight (BW) on day of the diagnosis of their index case. The non-intervention group received no treatment. Both groups were followed-up for two weeks for development of symptoms suggestive of COVID-19. Result(s): Ivermectin group included 203 contacts (to 52 index cases) aged 39.75+/-14.94 years; 52.2% were males. Non-intervention group included 101 contacts (to a total of 24 index cases) aged 37.69+/-16.96 years, 49.5% were males. Fifteen contacts (7.4%) developed COVID-19 in the ivermectin arm compared to 59 (58.4%) in the non-intervention arm (p<0.001). The protection rate for ivermectin was more prominent in contacts aged less than 60-year-old (6.2% infected compared to 58.7% if no treatment). Ivermectin in the protection against SARS-CoV-2 infection had an OR of 12.533 and 11.445 (compared to nontreatment) in both univariate and multivariate models, respectively. Side effects of ivermectin were reported in 5.4%; they were mild. Conclusion(s): Ivermectin is suggested to be a promising, effective and safe chemoprophylactic drug in management of COVID-19. Copyright © 2021 Journal of Clinical and Diagnostic Research. All rights reserved.",Excluded,,,,,,,,,,
An update on therapeutic repurposing strategies for COVID-19,"The severe acute respiratory syndrome coronavirus 2, well known as COVID-19 has become the current health distress to the entire world. In the pandemic scenario the research on the rapid development of new drug molecules is highly risky and tedious process. The current COVID-19 emergency demands an urgent development of possible strategies to protect people at high risk of infection and hence the drug repurposing became an emerging approach to fight COVID-19. This review summarizes an update on various therapeutic strategies with special attention on repurposing of drugs to fight against SARS-CoV-2 worldwide. The investigation of existing drugs for new therapeutic purposes is one line of scientific research followed to develop safe and effective COVID-19 treatments. Broad-spectrum antiviral agents (BSAAs) that have been believed to be safe through testing on early phase clinical trials have been hyped as good drug repurposing candidates. Broad-spectrum antiviral drugs such as Ribavirin, Umifenovir were advised for COVID-19 treatment. Some antibiotics may be repurposed as COVID-19 treatments such as teicoplanin, oritavancin, dalbavancin, monensin and azithromycin. Ivermectin an antiparasitic is recently repurposed. Hydroxychloroquine and chloroquine, having immunomodulating effect on humans, have been shown to have antiviral activity at starting and post-entry stages of the SARS-CoV-2 infection. There is a need for global health emergency to call for a courageous, global response at the political and governmental levels. Therefore, the regulatory agencies must act swiftly to lessen any financial obstacles involving private companies and update guidelines for drug licenses by repurposing if necessary. Copyright © 2020 iGlobal Research and Publishing Foundation. All rights reserved.",Excluded,,,,,,,,,,
"Two antioxidant 2,5-disubstituted-1,3,4-oxadiazoles (CoViTris2020 and ChloViD2020): Successful repurposing against COVID-19 as the first potent multitarget anti-SARS-CoV-2 drugs","Repurposing of known drugs and compounds as anticoronavirus disease 2019 (anti-COVID-19) agents through biological reevaluation of their activities, especially the anti-severe acute respiratory syndrome coronavirus 2 (anti-SARS-CoV-2) activities, is a new viable trend in drug discovery for the COVID-19 pandemic in 2020. Comprehensive inhibition of the enzymes and proteins of coronavirus and coronavirus 2 (i.e., multitarget inhibition) can be considered one of the most promising strategies for the development of highly potent remedies for COVID-19. However, almost all the reported inhibitors of the different life cycle stages of SARS-CoV-2 lack extreme potency against the major and fateful SARS-CoV-2 enzymes (e.g., RNA-dependent RNA polymerase ""RdRp"", papain-like protease ""PLpro"", and main protease ""Mpro""). Herein, two antioxidant polyphenolic 1,3,4-oxadiazole compounds previously synthesized by me were repurposed and introduced, 1,2,3-tris[5-(3,4,5-trihydroxyphenyl)-1,3,4-oxadiazol-2-yl]propan-2-ol (named CoViTris2020) and 5-[5-(7-chloro-4-hydroxyquinolin-3-yl)-1,3,4-oxadiazol-2-yl]benzene-1,2,3-triol (named ChloViD2020), as the first multitarget SARS-CoV-2 inhibitors with higher potencies than other drugs reported to date (about 65, 171, and 303.5 times for CoViTris2020 and 20, 52.5, and 93 times for ChloViD2020 compared to those of remdesivir, ivermectin, and favipiravir, respectively). These two unique 2,5-disubstituted-1,3,4-oxadiazole derivatives were computationally studied (through molecular docking in almost all SARS-CoV-2 proteins and one human protein) and biologically evaluated (through one of the most credible in vitro anti-COVID-19 assays) for their anti-COVID-19 activities. The results of the computational docking showed that CoViTris2020 and ChloViD2020 exhibited very high inhibitory binding affinities with most of the docked SARS-CoV-2/human proteins (e.g., they exhibited low binding energies of -12.00 and -9.60 kcal mol-1, respectively, with RdRp-RNA). Interestingly, the results of the biological assay showed that CoViTris2020 and ChloViD2020 exhibited very high and extremely significant anti-COVID-19 activities (anti-SARS-CoV-2 EC50 = 0.31 and 1.01 muM, respectively). Additionally, they may also be very promising lead compounds for the design and synthesis of new anti-COVID-19 agents (through structural modifications and further computational studies). Therefore, further investigations for the development of CoViTris2020 and ChloViD2020 as anti-COVID-19 drugs through in vivo biological evaluations and clinical trials are necessary. In brief, the development of CoViTris2020 and ChloViD2020 as the first two members of the new and promising class of anti-COVID-19 polyphenolic 2,5-disubstituted-1,3,4-oxadiazole derivatives will result in a therapeutic revolution for the treatment of SARS-CoV-2 infection and its accompanying COVID-19. Copyright © 2021 The Royal Society of Chemistry and the Centre National de la Recherche Scientifique.",Excluded,,,,,,,,,,
Turning the Tide: Natural Products and Natural-Product-Inspired Chemicals as Potential Counters to SARS-CoV-2 Infection,"The novel and highly pathogenic severe acute respiratory syndrome coronavirus 2 (SARS-CoV-2), which causes coronavirus disease 2019 (COVID-19), has become a continued focus of global attention due to the serious threat it poses to public health. There are no specific drugs available to combat SARS-CoV-2 infection. Natural products (carolacton, homoharringtonine, emetine, and cepharanthine) and natural product-inspired small molecules (ivermectin, GS-5734, EIDD-2801, and ebselen) are potential anti-SARS-CoV-2 agents that have attracted significant attention due to their broad-spectrum antiviral activities. Here, we review the research on potential landmark anti-SARS-CoV-2 agents, systematically discussing the importance of natural products and natural-product-inspired small molecules in the research and development of safe and effective antiviral agents. © Copyright © 2020 Wang and Yang.",Excluded,,,,,,,,,,
Treatment Options for COVID-19: A Review,"Background: The recent COVID-19 pandemic sweeping the globe has caused great concern worldwide. Due to the limited evidence available on the dynamics of the virus and effective treatment options available, severe acute respiratory syndrome coronavirus 2 (SARS-CoV-2) has had a huge impact in terms of morbidity and mortality. The economic impact is still to be assessed. Aim(s): The purpose of this article is to review the evidence for the multiple treatment options available, to consider the future of this global pandemic, and to identify some potential options that could revolutionize the treatment of COVID-19. Moreover, this article underscores the sheer importance of repurposing some of the available antiviral and antimicrobial agents that have long been in use so as to have an effective and expeditious response to this widespread pandemic and the need to conduct a multicenter global randomized controlled trial to find an effective single antiviral agent or a cocktail of available antimicrobial agents. Method(s): We thoroughly searched and reviewed various case reports, retrospective analyses, and in vitro studies published in PubMed, EMBASE, and Google Scholar regarding the treatment options used for SARS-CoV, MERS-CoV, and SARS-CoV-2 since its outbreak in an attempt to highlight treatments with the most promising results. Conclusion(s): We are currently facing one of the worst pandemics in history. Although SARS-CoV-2 is associated with a lower mortality rate than are SARS-CoV and MERS-CoV, its higher infectivity is making it a far more serious threat. Unfortunately, no vaccine against SARS-CoV-2 or effective drug regimen for COVID-19 currently exists. Drug repurposing of available antiviral agents may provide a respite; moreover, a cocktail of antiviral agents may be helpful in treating this disease. Here, we have highlighted a few available antimicrobial agents that could be very effective in treating COVID-19; indeed, a number of trials are underway to detect and confirm the efficacy of these agents. © Copyright © 2020 Ali, Hanif, Haider, Ahmed, Sundas, Hirani, Khan, Anis and Karim.",Excluded,,,,,,,,,,
Toward Preparing a Knowledge Base to Explore Potential Drugs and Biomedical Entities Related to COVID-19: Automated Computational Approach,"BACKGROUND: Novel coronavirus disease 2019 (COVID-19) is taking a huge toll on public health. Along with the non-therapeutic preventive measurements, scientific efforts are currently focused, mainly, on the development of vaccines and pharmacological treatment with existing drugs. Summarizing evidences from scientific literatures on the discovery of treatment plan of COVID-19 under a platform would help the scientific community to explore the opportunities in a systematic fashion.     OBJECTIVE: The aim of this study is to explore the potential drugs and biomedical entities related to coronavirus related diseases, including COVID-19, that are mentioned on scientific literature through an automated computational approach.     METHODS: We mined the information from publicly available scientific literature and related public resources. Six topic-specific dictionaries, including human genes, human miRNAs, diseases, Protein Databank, drugs, and drug side effects, were integrated to mine all scientific evidence related to COVID-19. We employed an automated literature mining and labeling system through a novel approach to measure the effectiveness of drugs against diseases based on natural language processing, sentiment analysis, and deep learning. We also applied the concept of cosine similarity to confidently infer the associations between diseases and genes.     RESULTS: Based on the literature mining, we identified 1805 diseases, 2454 drugs, 1910 genes that are related to coronavirus related diseases including COVID-19. Integrating the extracted information, we developed the first knowledgebase platform dedicated to COVID-19, which highlights potential list of drugs and related biomedical entities. For COVID-19, we highlighted multiple case studies on existing drugs along with a confidence score for their applicability in the treatment plan. Based on our computational method, we found Remdesivir, Statins, Dexamethasone, and Ivermectin could be considered as potential effective drugs to improve clinical status and lower mortality in patients hospitalized with COVID-19. We also found that Hydroxychloroquine could not be considered as an effective drug for COVID-19. The resulting knowledgebase is made available as an open source tool, named COVID-19Base.     CONCLUSIONS: Proper investigation of the mined biomedical entities along with the identified interactions among those would help the research community to discover possible ways for the therapeutic treatment of COVID-19.",Excluded,,,,,,,,,,
The time to offer treatments for COVID-19,"Background: COVID-19 has several overlapping phases. Treatments to date have focused on the late stage of disease in hospital. Yet, the pandemic is by propagated by the viral phase in out-patients. The current public health strategy relies solely on vaccines to prevent disease. Method(s): We searched the major national registries, pubmed.org, and the preprint servers for all ongoing, completed and published trial results. Result(s): As of 2/15/2021, we found 111 publications reporting findings on 14 classes of agents, and 9 vaccines. There were 62 randomized controlled studies, the rest retrospective observational analyses. Only 21 publications dealt with outpatient care. Remdesivir and high titer convalescent plasma have emergency use authorization for hospitalized patients in the U.S.A. There is also support for glucocorticoid treatment of the COVID-19 respiratory distress syndrome. Monoclonal antibodies are authorized for outpatients, but supply is inadequate to treat all at time of diagnosis. Favipiravir, ivermectin, and interferons are approved in certain countries.Expert Opinion: Vaccines and antibodies are highly antigen specific, and new SARS-Cov-2 variants are appearing. We call on public health authorities to authorize treatments with known low-risk and possible benefit for outpatients in parallel with universal vaccination. Copyright © 2021 Informa UK Limited, trading as Taylor & Francis Group.",Excluded,,,,,,,,,,
Thymosin alpha 1 for managing COVID-19 cases with comorbidities presenting with mild symptoms: Distinctive experience from a tertiary care center,"Introduction: We present a series of cases with varied clinical spectrum with mild symptoms from a tertiary care center. Material(s) and Method(s): Understand the implications for the clinical utility of thymosin alpha 1 in mild symptoms of COVID-19. Result(s): The first case was 37-year-old male, with a history of pulmonary embolism, presented with mild breathlessness, on background therapy of hydroxychloroquine (HCQ) and doxycycline. Thymosin alpha 1 was administrated at admission with 1.6 mg OD s/c with the continuation of the other ongoing therapy. At day 3, SpO<inf>2</inf>/ FiO<inf>2</inf> ratio improved to 240 (at presentation was 150), IL-6 reduced to 5 pg/mL from 31 pg/mL, D Dimer reduced from 600 to 587 ng/ mL and clinical symptoms improved to just dyspnoea on exertion. The second case was a 33-year-old with mild symptoms, known diabetic on OHA had SpO<inf>2</inf>/FiO<inf>2</inf> ratio 170 at admission, tachycardia (122 bpm), fever (99 F). He was initiated on Thymosin alpha 1-1.6 mg OD. On fourth day of the therapy, SpO<inf>2</inf>/FiO<inf>2</inf> ratio improved to 300, was put off oxygen support, IL-6 reduced to 6 pg/mL from 11 pg/mL and was asymptomatic. The third case was 61-year-old male, with 60 kg body weight, known hypertensive and diabetic on OHA, presented with cough and fever with ongoing therapy of HCQ, azithromycin, ivermectin, doxycycline, enoxaparin. After 5 days of initiation of Thymosin alpha 1-1.6 mg OD, the CT severity score reduced to 4/25 from the initial 5/25, SpO<inf>2</inf>% on room air improved to 99, with no symptoms. D Dimer reduced from 553 to 300 ng/mL. The fourth case was a 78-year-old 50 kg female, known hypertensive and diabetic with a history of fever was on piperacillin and tazobactam combination, doxycycline, HCQ and steroid. After 5 days of 1.6 mg of thymosin alpha 1, the SpO<inf>2</inf>/FiO<inf>2</inf> ratio improved to 260 from initial 150 and was asymptomatic Discussions: None of the cases required positive pressure ventilation and none had any preexisting lung disease. Conclusion(s): In our experience, it is plausible for the clinical and biochemical improvement to be attributed to the timely utilization of thymosin alpha 1, which could improve the immune regulation and address the dilemma of management of COVID-19.",Excluded,,,,,,,,,,
"Three novel prevention, diagnostic, and treatment options for COVID-19 urgently necessitating controlled randomized trials","Purpose: Asymptomatic or minimally symptomatic infection with COVID-19 can result in silent transmission to large numbers of individuals, resulting in expansion of the pandemic with a global increase in morbidity and mortality. New ways of screening the general population for COVID-19 are urgently needed along with novel effective prevention and treatment strategies. Hypothesis: A hypothetical three-part prevention, diagnostic, and treatment approach based on an up-to-date scientific literature review for COVID-19 is proposed. Regarding diagnosis, a validated screening questionnaire and digital app for COVID-19 could help identify individuals who are at risk of transmitting the disease, as well as those at highest risk for poor clinical outcomes. Global implementation and online tracking of vital signs and scored questionnaires that are statistically validated would help health authorities properly allocate essential health care resources to test and isolate those at highest risk for transmission and poor outcomes. Second, regarding prevention, no validated protocols except for physical distancing, hand washing, and isolation exist, and recently ivermectin has been published to have anti-viral properties against COVID-19. A randomized trial of ivermectin, and/or nutraceuticals that have been published to support immune function including glutathione, vitamin C, zinc, and immunomodulatory supplements (3,6 Beta glucan) could be beneficial in preventing transmission or lessening symptomatology but requires statistical validation. Third, concerning treatment, COVID-19 induced inflammation and ""cytokine storm syndrome"" with hemophagocytic lymphohistiocytosis (HLH)/Macrophage Activation Syndrome (MAS) have resulted in extreme morbidity and mortality in those with certain comorbidities, secondary to ""acute respiratory distress syndrome"" (ARDS) and multiorgan dysfunction with disseminated intravascular coagulation (DIC). Deficiency in red blood cell, serum and alveolar glutathione has been published in the medical literature for ARDS, as well as viral and bacterial pneumonias, resulting from increased levels of free radical/oxidative stress. A randomized controlled trial of blocking NF-kappaB and cytokine formation using glutathione precursors (N-acetyl-cysteine [NAC] and alpha lipoic acid) and PO/IV glutathione with associated anti-viral effects should be performed, along with an evaluation of Nrf2 activators (curcumin, sulforaphane glucosinolate) which have been scientifically proven to lower inflammation. Since high mortality rates from sepsis induced DIC due to COVID-19 infection has also been associated with thrombotic events and elevated levels of D-dimer, randomized controlled trials of using anticoagulant therapy with heparin is urgently required. This is especially important in patients on ventilators who have met certain sepsis induced coagulopathy (SIC) criteria. The use of acetazolamide with or without sildenafil also needs to be explored with or without heparin, since increased oxygen delivery to vital organs through prevention of thrombosis/pulmonary emboli along with carbonic anhydrase inhibition may help increase oxygenation and prevent adverse clinical outcomes. Conclusion and Implications: A three-part prevention, diagnostic, and treatment plan is proposed for addressing the severe complications of COVID-19. Digital monitoring of symptoms to clinically diagnose early exposure and response to treatment; prevention with ivermectin as well as nutritional therapies that support a healthy immune response; treatment with anti-inflammatory therapies that block NF-kappaB and activate Nrf2 pathways, as well as novel therapies that address COVID-19 pneumonia and ARDS with DIC including anticoagulation and/or novel respiratory therapies with or without acetazolamide and sildenafil. These three broad-based interventions urgently need to be subjected to randomized, controlled trials. Copyright © 2020 The Authors",Excluded,,,,,,,,,,
Therapeutic Strategies in the Management of COVID-19,"Since December 2019, SARS-CoV-2 (COVID-19), novel corona virus has caused pandemic globally, with rise in the number of cases and death of the patients. Vast majority of the countries that are dealing with rise in the active cases and death of patients suffering from novel corona viruses COVID-19 are trying to content the virus by isolating the patients and treating them with the approved antiviral that have been previously used in treating SARS, MERS, and drugs that are used to treat other viral infections. Some of these are under clinical trials. At present there are no therapeutically effective antiviral present and there are no vaccines or drugs available that are clinically approved for treating the corona virus. The current strategy is to re-purpose the available drugs or antiviral that can minimise or reduce the burden of the health care emergencies. In this article the reuse of antiviral, US-FDA approved drugs, plant based therapeutic, anti-malarial, anti-parasitic, anti-HIV drugs and the traditional medicines that are being currently used in treating the symptoms of COVID-19 patients is discussed emphasis is also given on the treatment using monoclonal antibodies. The present article provides the therapeutic strategies that will qualify as one of the best available treatment for the better management of the COVID-19 patients in order to achieve medical benefits.",Excluded,,,,,,,,,,
Therapeutic potential of ivermectin as add on treatment in COVID 19: A systematic review and meta-analysis,"The current management of COVID-19 is mostly limited to general supportive care and symptomatic treatment. Ivermectin is a broad-spectrum anti-parasitic drug used widely for the treatment of onchocerciasis and lymphatic filariasis. Apart from its anti-parasitic effect it also exhibits antiviral activity against a number of viruses both in vitro and in vivo. Hence, we conducted this systematic review and meta-analysis to assess the currently available data on the therapeutic potential of ivermectin for the treatment of COVID-19 as add on therapy. A total of 629 patients were included in the 4 studies and all were COVID-19 RT-PCR positive. Among them, 397 patients received ivermectin along with usual therapy. The random effect model showed the overall pooled OR to be 0.53 (95%CI: 0.29 to0.96) for the primary outcome (all-cause mortality) which was statistically significant (P=0.04). Similarly, the random effect model revealed that adding ivermectin led to significant clinical improvement compared to usual therapy (OR=1.98, 95% CI: 1.11 to 3.53, P=0.02). However, this should be inferred cautiously as the quality of evidence is very low. Currently, many clinical trials are on-going, and definitive evidence for repurposing this drug for COVID-19 patients will emerge only in the future.",Included,,,,,,,,,,
Therapeutic options for COVID-19: a quick review,"Since the announcement by the World Health Organization (WHO) of an outbreak of a contagious respiratory viral pneumonia in Wuhan, China, in December 2019 (later named as COVID-19), several research works have been carried out to unstitch the therapeutic options and combat the disease using various aproaches and modalities. These works are currently at different clinical trial stages, and their results may be determined by the outcome of the ongoing trial process. There is the need for a collection of information regarding the availlable therapeutic options related to COVID-19. this article therefore reviewed emerging and re-emerging therapeutic compounds/drugs used in COVID-19 management and reports of clinical trials, with the view to summarize and highlight their prospect and possible adverse effects to allow more extensive choice by clinicians, researchers, and policymakers. The approach used involved retrieval of related collections found in selected repositories including, Medline, Scopus, PubMed, and Google scholar. Only experimental or clinical studies were included. Out of the 39 materials retrieved, 26 (66.67%) studies were based on clinical trials, 12 (30.77%) were classified as in vitro studies, and only one (2.56%) involved experimental animal study. Of the agents evaluated for COVID-19 therapeutics, 15 (38.46%) were anti-viral, four (10.26%) antimalarial, four studies were immunotherapeutics (10.26%), two studies (5.13%) were antibacterial, while, one (2.56%) study wasfor antiparasitic, anticoagulant, anti-inflammatory, anti-viral/antimalarial, and anti-viral/herbal combination for each. Also, eight studies (20.51%) were antibiotic/antimalarial. This review indicates that there is both a race and quest in the test of antiviral agents against COVID-19 and that arbidol seems to have dominated in the studies analyzed. The use of anticoagulants and antibiotics, such as teicoplanin and azithromycin/hydroxychloroquine were reported to also play a leading role in the management of the disease. Likewise, dexamethasone has been recently claimed to be effective in patients in need of respiratory assistance. Based on unresolved controversies and inconclusive findings, it could be said that generally, a single and specific therapeutics to COVID-19 is still a mirage. There is, thus, an urgent need to test more potent compounds and agents to establish much safer and highly efficacious drugs/agents for the disease, even as we continue to learn more about the disease as well as the characteristic of the virus. Copyright © 2020 Edizioni Scientifi che per l'Informazione su Farmaci e Terapia.",Excluded,,,,,,,,,,
Therapeutic Effectiveness and Safety of Repurposing Drugs for the Treatment of COVID-19: Position Standing in 2021,"COVID-19, transmitted by SARS-CoV-2, is one of the most serious pandemic situations in the history of mankind, and has already infected a huge population across the globe. This horrendously contagious viral outbreak was first identified in China and within a very short time it affected the world's health, transport, economic, and academic sectors. Despite the recent approval of a few anti-COVID-19 vaccines, their unavailability and insufficiency along with the lack of other potential therapeutic options are continuing to worsen the situation, with valuable lives continuing to be lost. In this situation, researchers across the globe are focusing on repurposing prospective drugs and prophylaxis such as favipiravir, remdesivir, chloroquine, hydroxychloroquine, ivermectin, lopinavir-ritonavir, azithromycin, doxycycline, ACEIs/ARBs, rivaroxaban, and protease inhibitors, which were preliminarily based on in vitro and in vivo pharmacological and toxicological study reports followed by clinical applications. Based on available preliminary data derived from limited clinical trials, the US National Institute of Health (NIH) and USFDA also recommended a few drugs to be repurposed i.e., hydroxychloroquine, remdesivir, and favipiravir. However, World Health Organization later recommended against the use of chloroquine, hydroxychloroquine, remdesivir, and lopinavir/ritonavir in the treatment of COVID-19 infections. Combining basic knowledge of viral pathogenesis and pharmacodynamics of drug molecules as well as in silico approaches, many drug candidates have been investigated in clinical trials, some of which have been proven to be partially effective against COVID-19, and many of the other drugs are currently under extensive screening. The repurposing of prospective drug candidates from different stages of evaluation can be a handy wellspring in COVID-19 management and treatment along with approved anti-COVID-19 vaccines. This review article combined the information from completed clinical trials, case series, cohort studies, meta-analyses, and retrospective studies to focus on the current status of repurposing drugs in 2021. © Copyright © 2021 Alam, Kamal, Sarker, Zhou, Rahman and Mohamed.",Excluded,,,,,,,,,,
Therapeutic agents currently employed against Covid-19: An effort to control the pandemic,"The disease caused by the new coronavirus (COVID-19) is characterized by fever and cough, in addition to affecting the lower respiratory tract and being associated with age, comorbidities and a weakened immune system. Lymphopenias occur in severe cases and an excessive production of inflammatory cytokines, which would explain the role of the hyperinflammatory response in the pathogenesis of COVID-19. In the absence of treatment for this virus, there is an urgent need to find alternative methods to control the spread of the disease, so we have conducted an online search for all treatment options related to coronavirus infections, as well as some infections due to viruses, general treatments, specific coronavirus treatments and antiviral treatments should be useful in the fight against COVID-19, the therapeutic agents evaluated included chloroquine/hydroxychloroquine, lopinavir/ ritonavir, tocilizumab, ribavirin, interferons, nelfinavir, ivermectin, monoclonal antibodies and convalescent plasma. Copyright © 2020 De Gruyter. All rights reserved.",Excluded,,,,,,,,,,
Tempol Treatment of Covid-19,"Presentation: A septuagenarian male experienced sudden frightening onset of severe headache, marked nausea and vomiting, pharyngitis, severe upper respiratory congestion, fever, chills, weakness, malaise, and mild pulmonary congestion. O<inf>2</inf> saturation=96%. Presumptive-diagnosis: ""Covid-19"". Treatment: Nausea and vomiting continued without respite for several hours. Anti-nausea tablets were twice regurgitated intact. Accordingly, treatment was initiated with 30 mg of the SOD-mimetic antioxidant drug Tempol PO as the hydroxylamine in a 6% water solution containing 90 mg vitamin-C. Patient kept this down. Along with Tempol-zinc gargles for pharyngitis, intranasal treatment was then initiated with a medication-soaked cotton swab and insufflation, repeated q 6h as symptoms returned. This was followed by similar doses of Tempol-H three and six hours later, repeated BID PO for the next ten days. On days 2-3, treatment was briefly initiated with hydroxychloroquine, zinc, doxycycline, ivermectin, and famotidine, then withdrawn. Result(s): Within one-hour post-Tempol-H, vomiting ceased, headache eased significantly, and the patient felt objectively better. Nasal congestion also reversibly eased upon intranasal treatment. By days 5-7 remaining symptoms were mild reversible-on-treatment nasal congestion, pharyngitis, and malaise. Excepting slight malaise, patient was essentially asymptomatic by days 8-9. As expected, PCR was negative day 10. Although the diagnosis is reasonably sure, IgG was negative at days 11 and 58. Conclusion(s): The usual objections to N=1 case-reports apply. However, the almost immediate relief of gastrointestinal symptomology was striking and arguably reflects some direct action of Tempol-H on coronavirus-infected gastric mucosa, as does the effect on nasal mucosa. Minimally, Tempol/Tempol-H may be used with relative safely and arguable effectiveness in presumptive early Covid-19. Similarly, we have used Tempol without incident for decades, e.g., for treatment of fibrocystic disease, breast cancer prophylaxis, respiratory infections, and for alopecia, a classic redox-signaling-mediated process. Significantly, both pattern balding and stress-induced hair-loss are strongly-associated with Covid-19, perhaps reflecting pre-existing or Covid-19-induced oxidative stress. doi: xxxxx Copyright © 2020",Excluded,,,,,,,,,,
"A telemedicine approach for assessment, identification, empowerment, and triage for COVID-19 patients","Introduction: COVID-19 pandemic has forced the healthcare system to organize healthcare delivery differently. Material(s) and Method(s): We conducted a retrospective analysis of the diabetes wellness care (DWC) database to understand the implications of the new virtual clinic model initiated through telemedicine which was extended to manage COVID-19 patients (n = 218). Result(s): Clinical Presentation: 33% (n = 72) were RT-PCR positive, yet, asymptomatic with history of contact. 24.3% (n = 53) had mild symptoms including asthenia and myalgia and temperature < 100.5degreeF. 42.6 (n = 93) presented with temperature > 100.5degree F. Discussion(s): Most of the patients were either asymptomatic or had mild upper respiratory symptoms. Moderate with non-life-threatening pneumonia was present in some patients and severe pneumonia and acute respiratory distress syndrome were detected in very few. We were able to judiciously utilize the options of HCQ, doxycycline, and ivermectin in most patients, and a few required favipiravir and azithromycin. Conclusion(s): Our telemedicine approach enabled a prompt detection of the varied grade of the symptoms, which enabled an effective triage and led to the isolation of infectious patients. This model was useful to prevent and mitigate unnecessary community exposure.",Excluded,,,,,,,,,,
"A Telemedicine Approach For Assessment, Empowerment And Triage For COVID-19 Patients with Comorbidities","Abstract Introduction: COVID-19 pandemic has forced healthcare system to organize the healthcare delivery differently. Methodology: We conducted a retrospective analysis of the Diabetes Wellness Care (DWC) database to understand implications of new virtual clinic model initiated through telemedicine which was extended to manage COVID-19 patients (n=218) Results: 17% of COVID-19 patients were known cases of Type 2 Diabetes (n=37). In these subset of patients, typical COVID-19 pneumonia was present in 45% (n= 17) with 35% (n= 6) requiring hospitalization. COPD/ bronchial asthma pre-existed in 14.5% (n=31) of patients with 3 patients required hospitalization and of which one patient was a known case of diabetes. 11% (n=23) were known hypertensives of which one patient required hospitalization, with coexisting diabetes. 5.5% (n=12) had Coronary Artery Disease and none required hospitalization. 6 patients had concomitant renal impairment. Patients were under strict recommendations to monitor blood glucose and BP by SMBG and Home-Based Blood Pressure Monitoring (HBPM). Doxycycline and ivermectin were prescribed. Azithromycin was added if cough or sore throat was present. Favipiravir was prescribed if elevated CRP and IL-6 with concomitant fever. Pulse oximeter to measure SpO2 was convenient and clinically meaningful during home isolation. X- Ray chest or HRCT scan of chest was mandated including elderly > 60 years. LMWH was utilized only in 2 cases in home isolation (with high D Dimer). 8 patients required hospitalization. Conclusion(s): Our telemedicine approach enabled a prompt detection of the symptoms, which enabled an effective triage and led to isolation of infectious patients Keywords: Telemedicine, COVID-19, Comorbidities, Diabetes, Hypertension Abbreviations: SMBG- Self Monitoring of Blood Glucose Funding and Conflicts of Interest: None Copyright © 2020",Excluded,,,,,,,,,,
A systematic review of experimental evidence for antiviral effects of ivermectin and an in silico analysis of ivermectin's possible mode of action against SARS-CoV-2,"Viral infections remain a major cause of economic loss with an unmet need for novel therapeutic agents. Ivermectin is a putative antiviral compound; the proposed mechanism is the inhibition of nuclear translocation of viral proteins, facilitated by mammalian host importins, a necessary process for propagation of infections. We systematically reviewed the evidence for the applicability of ivermectin against viral infections including SARS-CoV-2 regarding efficacy, mechanisms and selective toxicity. The SARS-CoV-2 genome was mined to determine potential nuclear location signals for ivermectin and meta-analyses for in vivo studies included all comparators over time, dose range and viral replication in multiple organs. Ivermectin inhibited the replication of many viruses including those in Flaviviridae, Circoviridae and Coronaviridae families in vitro. Real and mock nuclear location signals were identified in SARS-CoV-2, a potential target for ivermectin and predicting a sequestration bait for importin beta, stopping infected cells from reaching a virus-resistant state. While pharmacokinetic evaluations indicate that ivermectin could be toxic if applied based on in vitro studies, inhibition of viral replication in vivo was shown for Porcine circovirus in piglets and Suid herpesvirus in mice. Overall standardized mean differences and 95% confidence intervals for ivermectin versus controls were -4.43 (-5.81, -3.04), p < 0.00001. Based on current results, the potential for repurposing ivermectin as an antiviral agent is promising. However, further work is needed to reconcile in vitro studies with clinical efficacy. Developing ivermectin as an additional antiviral agent should be pursued with an emphasis on pre-clinical trials in validated models of infection. Copyright © 2021 Societe Francaise de Pharmacologie et de Therapeutique",Excluded,,,,,,,,,,
Successful treatment of tocilizumab and ivermectin for a patient with ARDS due to COVID-19,,Excluded,,,,,,,,,,
Successful Outcomes of Children Simultaneously Diagnosed with Acute Myeloid Leukemia and Covid-19: The Role of a Mild Chemotherapeutic Induction Regimen,"Introduction: Children with newly diagnosed acute myeloid leukemia (AML) may have a high early mortality when resources are limited by infrastructure or by a widespread worldwide crisis, as being faced with the SARS-Cov-2 pandemic. Many elective treatments were postponed, but newly diagnosed AML is a life-threatening disease that needs prompt therapy. With acute shortage of infra-structure as intensive care unit beds, blood supply, medication, healthcare personnel, an optimal therapy must balance anti-neoplastic efficacy and the chance of treatment-related mortality. The induction chemotherapy of pediatric patients with AML living in low- and middle-income countries has been thoroughly discussed because early mortality remains 10%-20%, much higher than in developed counties. Mild treatment schemas have been used in Japan, China and Latin America with impressive results, comparable to other intensive induction regimens. Our objective is to describe the results of this mild induction regimen used in Brazil to treat children simultaneously diagnosed with AML and Covid-19 infections. Method(s): This is a retrospective multicentric trial including Brazilian children diagnosed with AML, also found to have a positive nasal and oropharyngeal PCR for SARS-Cov-2 and uniformly treated with mild induction protocol (""MAG"") that included Mitoxantrone at 5 mg/m2, by i.v. infusion over 4 to 6 hours once a day on days 1, 3, and 5 (three doses in total), Cytarabine at 10 mg/m2, subcutaneous (s.c.), q 12 h for 10 days (20 doses in total) and G-CSF 5 mug/kg, s.c., once a day for 10 days (10 doses in total) [Bansal D, et al. Pediatr Blood Cancer. 2019 Nov 27:e28087]. Result(s): From March 15 to July 1, 2020, nine children from four different institutions were diagnosed with AML (Table 1). Their median age was 9 years (range, 5 to 18), 6 female gender, all but one diagnosed with Covid-19 by nasal PCR; one had typical chest CT and positive IgM. The institutions had previously agreed on following the same induction when treating AML children infected by the SARS-Cov-2. Five of the nine had severe illness, three of them needed mechanical ventilation and one did not need supplementary oxygen despite radiologically diagnosed pneumonia. Two children had mild symptoms and two were completely asymptomatic. All children tolerated MAG chemotherapy. Neutropenia lasted for a median of 29 days (17-33) and none of them had neither thrombotic complications nor acute renal failure. All children recovered from the Covid-19 infection and 8 of 9 already evaluable children achieved complete remission of the leukemia with MRD 0-1% after the two planned cycles. All patients are alive, on therapy. Table 1: Patients characteristics [Table presented] A - Azythromycin; I - Ivermectin; C - Corticosteroids, O - Oseltamivir; IVIG - Immunoglobulin; H- Heparin; Cipro- Coprofloxacin Conclusion(s): Against all odds, MAG was well tolerated in children and adolescents newly diagnosed with AML and active Covid-19, with no treatment-related mortality. All evaluable patients achieved remission and are currently proceeding therapy. The high prevalence of Covid-19 in our country may have to be taken into account in all oncological treatment strategies. With a shorter duration of neutropenia, the absence of mucositis or invasive fungal infections, MAG may be implemented in low- and middle-income countries as an optimal strategy to overcome induction mortality and improve outcome of children and adolescents with AML. Disclosures: No relevant conflicts of interest to declare. Copyright © 2020 American Society of Hematology",Excluded,,,,,,,,,,
Structural deformability induced in proteins of potential interest associated with COVID-19 by binding of homologues present in ivermectin: Comparative study based in elastic networks models,"The COVID-19 pandemic has accelerated the study of the potential of multi-target drugs (MTDs). The mixture of homologues called ivermectin (avermectin-B1a + avermectin-B1b) has been shown to be a MTD with potential antiviral activity against SARS-CoV-2 in vitro. However, there are few reports on the effect of each homologue on the flexibility and stiffness of proteins associated with COVID-19, described as ivermectin targets. We observed that each homologue was stably bound to the proteins studied and was able to induce detectable changes with Elastic Network Models (ENM). The perturbations induced by each homologue were characteristic of each compound and, in turn, were represented by a disruption of native intramolecular networks (interactions between residues). The homologues were able to slightly modify the conformation and stability of the connection points between the Calpha atoms of the residues that make up the structural network of proteins (nodes), compared to free proteins. Each homologue was able to modified differently the distribution of quasi-rigid regions of the proteins, which could theoretically alter their biological activities. These results could provide a biophysical-computational view of the potential MTD mechanism that has been reported for ivermectin.",Excluded,,,,,,,,,,
Strongyloides infection manifested during immunosuppressive therapy for SARS-CoV-2 pneumonia,"Background: SARS-CoV-2 pandemic has posed formidable public health and clinical challenges. The use of immunosuppressive agents, such as high dose corticosteroids and cytokine inhibitors (e.g., Tocilizumab) has been suggested to contrast the hyperinflammatory process involved in the pathogenesis of the severe disease, with conflicting evidence. Among the drawbacks of immunosuppressive therapy, the risk of reactivation of latent infections, including parasitic infestations, is to be considered. Case presentation: We report a case of a 59-year-old Italian patient treated with high dose intravenous dexamethasone and two intravenous doses of Tocilizumab for interstitial bilateral pneumonia associated with SARS-CoV-2 infection who developed itching, abdominal pain, and an increased eosinophil count. Stool examination confirmed the presence of S. stercoralis larvae. The patient was treated with a 4-day course of Ivermectin with full recovery. Discussion(s): We report the first case of S. stercoralis infection following an 11-day treatment with high-dose steroids and Tocilizumab for severe COVID-19. Clinicians should be aware of the risk of strongyloidiasis as a complication of the treatment for severe COVID-19. Copyright © 2020, The Author(s).",Excluded,,,,,,,,,,
Standard Dose Ivermectin for COVID-19,,Excluded,,,,,,,,,,
Small-molecule antiviral agents in ongoing clinical trials for COVID-19,"The coronavirus disease 2019 (COVID-19) pandemic, due to the novel severe acute respiratory syndrome coronavirus 2 (SARS-CoV-2), emerged in December 2019 and has rapidly spread globally. As the confirmed number of cases has reached to 83 million worldwide, the potential severity and the deadly complications of the disease requires urgent development of effective drugs for prevention and treatment. No proven effective treatment for this virus currently exists. Most of the antiviral discovery efforts are focused on the repurposing of approved or clinical stage drugs. This review highlights the small-molecule repurposed antiviral agents that are currently under investigation in clinical trials for COVID19. These include viral polymerase and protease inhibitors remdesivir, galidesivir, favipiravir, ribavirin, sofosbuvir, tenofovir/emtricitabine, baloxavir marboxil, EIDD-2801, lopinavir/ritonavir; virus-/host-directed viral entry and fusion inhibitors arbidol chloroquine/hydroxychloroquine, chlorpromazine, camostat mesylate, nafamostat mesylate, bromhexine and agents with diverse/unclear mechanism of actions as oseltamivir, triazavirin, ivermectin, nitazoxanide, niclosamide and BLD-2660. The published preclinical and clinical data to date on these drugs as well as the mechanisms of action are reviewed. Copyright© Bentham Science Publishers; For any queries, please email at epub@benthamscience.net.",Excluded,,,,,,,,,,
"Single-dose oral ivermectin in mild and moderate COVID-19 (RIVET-COV): A single-centre randomized, placebo-controlled trial","INTRODUCTION: Ivermectin is an antiparasitic drug which has in-vitro efficacy in reducing severe acute respiratory syndrome coronavirus-2 (SARS-CoV-2) viral load. Hence, Ivermectin is under investigation as a repurposed agent for treating COVID-19. METHODS: In this pilot, double blind, randomized controlled trial, hospitalized patients with mild-to-moderate COVID-19 were assigned to a single oral administration of an elixir formulation of Ivermectin at either 24 mg or 12 mg dose, or placebo in a 1:1:1 ratio. The co-primary outcomes were conversion of RT-PCR to negative result and the decline of viral load at day 5 of enrolment. Safety outcomes included total and serious adverse events. The primary outcomes were assessed in patients who had positive RT-PCR at enrolment (modified intention-to-treat population). Safety outcomes were assessed in all patients who received the intervention (intention-to-treat population). RESULTS: Among the 157 patients randomized, 125 were included in modified intention-to-treat analysis. 40 patients each were assigned to Ivermectin 24 mg and 12 mg, and 45 patients to placebo. The RT-PCR negativity at day 5 was higher in the two Ivermectin arms but failed to attain statistical significance (Ivermectin 24 mg, 47.5%; 12 mg arm, 35.0%; and placebo arm, 31.1%; p-value = 0.30). The decline of viral load at day 5 was similar in each arm. No serious adverse events occurred. CONCLUSIONS: In patients with mild and moderate COVID-19, a single oral administration of Ivermectin did not significantly increase either the negativity of RT-PCR or decline in viral load at day 5 of enrolment compared with placebo.",Included,,,,,,,,,,
"Self-prescribed Ivermectin use is associated with a lower rate of seroconversion in health care workers diagnosed with COVID, in a dose-dependent response","Background: Over-the-counter use of ivermectin amongst other drugs as SARS-CoV-2 treatment has been increasingly common, despite the lack of evidence on its clinical efficacy. Objective(s): To evaluate the effect of ivermectin use on production of antibodies against SARS-CoV-2 in health care workers (HCW) diagnosed with COVID-19 and of Th1/Th2 cytokines by stimulated peripheral blood mononuclear cells of the same cohort (PBMCs). Method(s): This cross-sectional study evaluated seroconversion and neutralizing antibodies production in HCW at Complexo Hospitalar Universitario Professor Edgard Santos (Salvador, Brazil), diagnosed with COVID-19 from May to July, 2020, as well as in vitro production of antibody against SARS-CoV-2 and Th1/Th2 cytokines. Analyses were performed between December 2020 and February 2021. Participants were stratified according to the use of ivermectin (<= 1 dose vs. multiple doses) for treatment of COVID-19. Result(s): 45 HCW were included (62% women). Mean age was 39 years, and disease severity was similar across groups. Neutralizing antibodies were detected less frequently in multiple doses (70%) vs. <= 1 dose (97%) groups, p = 0.02). PBMCs of patients in multiple doses group also were less likely to produce antibodies against SARS-CoV-2 following in vitro stimulation with purified spike protein in comparison with patients in <= 1 dose group (p < 0.001). PBMC's production of Th1/Th2 cytokines levels was similar across groups. Abdominal pain (15% vs 46%, p = 0.04), diarrhea (21% vs. 55%, p = 0.05) and taste perversion (0% vs. 18%, p = 0.05) were more frequently reported by participants that used multiple doses of ivermectin. Conclusion(s): Although there was no evidence for differential disease severity upon ivermectin use for treatment of COVID-19 it was associated with more gastro-intestinal side-effects and impairment of anti-SARS-CoV2 antibodies production, in a dose dependent manner. This potentially impacts the effectiveness of immune response and the risk of reinfection and warrants additional studies for clarifying the mechanisms and consequences of such immunomodulatory effects. Copyright © 2021 Sociedade Brasileira de Infectologia",Included,,,,,,,,,,
A secondary approach with conventional medicines and supplements to recuperate current COVID-19 status,"Novel coronavirus 2019 (COVID-19) is a zoonosis that revised the global economic and societal progress since early 2020. The SARS-CoV-2 has been recognized as the responsible pathogen for COVID-19 with high infection and mortality rate potential. It has spread in 192 countries and infected about 1.5% of the world population, and still, a proper therapeutic approach is not unveiled. COVID-19 indication starts with fever to shortness of breathing, leading to ICU admission with the ventilation support in severe conditions. Besides the symptomatic mainstay clinical therapeutic approach, only Remdesivir has been approved by the FDA. Several pharmaceutical companies claimed different vaccines with exceptionally high efficacy (90-95%) against COVID-19; how long these vaccines can protect and long-term safety with the new variants are unpredictable. After the worldwide spread of the COVID-19 pandemic, numerous clinical trials with different phases are being performed to find the most appropriate solution to this condition. Some of these trials with old FDA-approved drugs showed promising results. In this review, we have precisely compiled the efforts to curb the disease and discussed the clinical findings of Ivermectin, Doxycycline, Vitamin-D, Vitamin-C, Zinc, and cannabidiol and their combinations. Additionally, the correlation of these molecules on the prophylactic and diseased ministration against COVID-19 has been explored. Copyright © 2021",Excluded,,,,,,,,,,
SARS-CoV-2 virus infection: Targets and antiviral pharmacological strategies,"The current pandemic of coronavirus disease 2019 (COVID‐19), transmitted person‐to‐person by severe acute respiratory syndrome of coronavirus 2 (SARS‐CoV‐2), poses a threat to global public health. To present, these are still no clinically approved antibodies or drugs specific for SARS‐CoV‐2, which makes it difficult for controlling the associated pandemic, limited to monitoring and containment. This situation generates a new need for the development of safe and effective treatments. Since SARS‐CoV‐2 shares phylogenetic traits with SARS‐CoV and MERS‐CoV, antiviral medicines may provide some insight into the development of COVID‐19 therapeutics. Besides that, they are being prioritized several FDA‐approved drugs due to the pandemic state. Despite recent advances in the control of the current COVID‐19 pandemic, challenges such as the rapid virus spread and the socioeconomic cost of this outbreak remain for the inexistence of therapeutics agents against SARS‐CoV‐2. From this moment, the in vivo evaluation of FDA‐approved drugs, which until then appears to be effective are recommended, such as chloroquine, hydroxychloroquine, remdesivir, favipiravir, nitazoxanide, and ivermectin; besides new targets: Mpro, spike glycoprotein, and TMPRSS2 inhibitors. Therefore, these investigations are needed to prove the efficacy and safety of these potential candidates, including their side effects.",Excluded,,,,,,,,,,
"The sars-cov-2 ivermectin navarra-isglobal trial (saint) to evaluate the potential of ivermectin to reduce covid-19 transmission in low risk, non-severe covid-19 patients in the first 48 hours after symptoms onset: A structured summary of a study protocol for a randomized control pilot trial","Objectives: The primary objective is to determine the efficacy of a single dose of ivermectin, administered to low risk, non-severe COVID-19 patients in the first 48 hours after symptom onset to reduce the proportion of patients with detectable SARS-CoV-2 RNA by Polymerase Chain Reaction (PCR) test from nasopharyngeal swab at day 7 post-treatment. The secondary objectives are: 1. To assess the efficacy of ivermectin to reduce the SARS-CoV-2 viral load in the nasopharyngeal swab at day 7 post treatment. 2. To assess the efficacy of ivermectin to improve symptom progression in treated patients. 3. To assess the proportion of seroconversions in treated patients at day 21. 4. To assess the safety of ivermectin at the proposed dose. 5. To determine the magnitude of immune response against SARS-CoV-2. 6. To assess the early kinetics of immunity against SARS-CoV-2. Trial design: SAINT is a single centre, double-blind, randomized, placebo-controlled, superiority trial with two parallel arms. Participants will be randomized to receive a single dose of 400 mug/kg ivermectin or placebo, and the number of patients in the treatment and placebo groups will be the same (1:1 ratio). Participant(s): The population for the study will be patients with a positive nasopharyngeal swab PCR test for SARS-CoV-2, with non-severe COVID-19 disease, and no risk factors for progression to severity. Vulnerable populations such as pregnant women, minors (i.e.; under 18 years old), and seniors (i.e.; over 60 years old) will be excluded. Inclusion criteria 1. Patients diagnosed with COVID-19 in the emergency room of the Clinica Universidad de Navarra (CUN) with a positive SARS-CoV-2 PCR. 2. Residents of the Pamplona basin (""Cuenca de Pamplona""). 3. The patient must be between the ages of 18 and 60 years of age. 4. Negative pregnancy test for women of child bearing age*. 5. The patient or his/her representative, has given informed consent to participate in the study. 6. The patient should, in the PI's opinion, be able to comply with all the requirements of the clinical trial (including home follow up during isolation). Exclusion criteria 1. Known history of ivermectin allergy. 2. Hypersensitivity to any component of ivermectin. 3. COVID-19 pneumonia. Diagnosed by the attending physician. Identified in a chest X-ray. 4. Fever or cough present for more than 48 hours. 5. Positive IgG against SARS-CoV-2 by rapid diagnostic test. 6. Age under 18 or over 60 years. 7. The following co-morbidities (or any other disease that might interfere with the study in the eyes of the PI): Immunosuppression. Chronic Obstructive Pulmonary Disease. Diabetes. Hypertension. Obesity. Acute or chronic renal failure. History of coronary disease. History of cerebrovascular disease. Current neoplasm. 8. Recent travel history to countries that are endemic for Loa loa (Angola, Cameroon, Central African Republic, Chad, Democratic Republic of Congo, Ethiopia, Equatorial, Guinea, Gabon, Republic of Congo, Nigeria and Sudan). 9. Current use of CYP 3A4 or P-gp inhibitor drugs such as quinidine, amiodarone, diltiazem, spironolactone, verapamil, clarithromycin, erythromycin, itraconazole, ketoconazole, cyclosporine, tacrolimus, indinavir, ritonavir or cobicistat. Use of critical CYP3A4 substrate drugs such as warfarin.*Women of child bearing age may participate if they use a safe contraceptive method for the entire period of the study and at least one month afterwards. A woman is considered to not have childbearing capacity if she is post-menopausal (minimum of 2 years without menstruation) or has undergone surgical sterilization (at least one month before the study). The trial is currently planned at a single center, Clinica Universidad de Navarra, in Navarra (Spain), and the immunology samples will be analyzed at the Barcelona Institute for Global Health (ISGlobal), in Barcelona (Spain). Participants will be recruited by the investigators at the emergency room and/or COVID-19 area of the CUN. They will remain in the trial for a period of 28 days at their homes since they will be patients with mild disease. In the interest of public health and to contain transmission of infection, follow-up visits will be conducted in the participant's home by a clinical trial team comprising nursing and medical members. Home visits will assess clinical and laboratory parameters of the patients. Intervention and comparator: Ivermectin will be administered to the treatment group at a 400mug/Kg dose (included in the EU approved label of Stromectol and Scabioral). The control group will receive placebo. There is no current data on the efficacy of ivermectin against the virus in vivo, therefore the use of placebo in the control group is ethically justified. Main outcomes: Primary Proportion of patients with a positive SARS-CoV-2 PCR from a nasopharyngeal swab at day 7 post-treatment. Secondary 1. Mean viral load as determined by PCR cycle threshold (Ct) at baseline and on days 4, 7, 14, and 21. 2. Proportion of patients with fever and cough at days 4, 7, 14, and 21 as well as proportion of patients progressing to severe disease or death during the trial. 3. Proportion of patients with seroconversion at day 21. 4. Proportion of drug-related adverse events during the trial. 5. Median levels of IgG, IgM, IgA measured by Luminex, frequencies of innate and SARS-CoV-2-specific T cells assessed by flow cytometry, median levels of inflammatory and activation markers measured by Luminex and transcriptomics. 6. Median kinetics of IgG, IgM, IgA levels during the trial, until day 28. Randomisation: Eligible patients will be allocated in a 1:1 ratio using a randomization list generated by the trial statistician using blocks of four to ensure balance between the groups. A study identification code with the format ""SAINT-##"" (##: from 01 to 24) will be generated using a sequence of random numbers so that the randomization number does not match the subject identifier. The sequence and code used will be kept in an encrypted file accessible only to the trial statistician. A physical copy will be kept in a locked cabinet at the CUN, accessible only to the person administering the drug who will not enrol or attend to patient care. A separate set of 24 envelopes for emergency unblinding will be kept in the study file. Blinding (masking): The clinical trial team and the patients will be blinded. The placebo will not be visibly identical, but it will be administered by staff not involved in the clinical care or participant follow up. Numbers to be randomised (sample size): The sample size is 24 patients: 12 participants will be randomised to the treatment group and 12 participants to the control group. Trial Status: Current protocol version: 1.0 dated 16 of April 2020. Recruitment is envisioned to begin by May 14th and end by June 14th. Trial registration: EudraCT number: 2020-001474-29, registered April 1<sup>st</sup>. Clinicaltrials.gov: submitted, pending number Full protocol: The full protocol is attached as an additional file, accessible from the Trials website (Additional file 1). In the interest in expediting dissemination of this material, the familiar formatting has been eliminated; this Letter serves as a summary of the key elements of the full protocol. Copyright © 2020 The Author(s).",Included,,,,,,,,,,
"SARS-CoV-2 infection pattern, transmission and treatment: Multicenter study in low to middle-income districts hospitals in Punjab, Pakistan","Pakistan has reported a substantial number of COVID-19 cases since 2020. A multicenter observational study was conducted to identify the pattern of SARS-CoV-2 infection, transmission, and treatment in patients admitted to seven low to middle-income district hospitals in the Province of Punjab, Pakistan from March to June 2020. A total of 102 patients were recruited. 57 patients tested positive and 45 developed moderate-severe COVID-19 disease. About 67% of the patients in March-April and 93% in May-June have contracted the disease from the local transmission. The mean number of symptoms in SARS-CoV-2 positive patients was significantly higher than suspected patients (6.46 vs 5.04, p=0.003). The number of deaths was low (n=8) with 86% recovery rate. Mild COVID patients received acetaminophen (n=102), azithromycin (n=8), and hydroxychloroquine (n=4) in addition to standard medical care. The treatment provided to moderate-severe cases included acetaminophen (45/45), azithromycin (45/45), Ivermectin (14/45) and corticosteroids (13/45). The mean number of antimicrobials was significantly higher in moderate-severe patients than mild cases (1.80 vs 1.12, p=0.001). Low number of deaths with a high recovery rate was reported. Diabetes was the most common comorbid condition followed by hypertension. Many antimicrobials were prescribed in both mild and moderate-severe cases that require careful review. Copyright © 2021 Pakistan Journal of Pharmaceutical Sciences. All rights reserved.",Excluded,,,,,,,,,,
SARS Covid-19- Call of Threat: Attributes and Current Approach,"COVID -19 disease (Coronavirus) is a contemporary strain of coronavirus species which has initially appeared in Wuhan city, China. Over the few months it has spread to various regions of the world. It is observed that COVID-19 is able to get transmitted from human to human contact, by means of droplets sustained in the air as aerosols, fomites etc. WHO (World Health Organization) has declared the current outbreak to be a public health emergency globally. Asthe disease is life threatening, there is a crucial need for effective drugs. Optimistic nurture remains the backbone of the therapy. Despite the COVID-19 patients having benign or mild courses, up to 5% -10% can have serious; probably life alarming courses, there is a crucial need for effective drugs. There have been several clinical trials persisting, various immune regulating and antiviral agents for assessments of COVID-19 in those investigations and some of them would be reported in later couple of days. Although the critical need to find an efficient antiviral medication for COVID-19 through randomized controlled investigation, certain agents are being utilized all over the world, established on either envisioned evidence, in vitro or experimental studies. Presently, the research investigation on SARS COVID-2 is in the initial stages. Based on ongoing published information, this review article consistently summarizes the pathological analysis, clinical symptoms, prevention and treatment of COVID-19. Generally, maximum used therapeutic agents in India and all over the world includes hydroxychloroquine, chloroquine, remdesivir, favipiravir, lopinavir and Nitazoxanide. This review reports about Ivermectin to have an activity against SARS-COVID-19 in vitro, which is permitted for some other treatments of human diseases. It is assumed that this review willencourage the nation to recognize and handle COVID-19 and contribute for prospective studies. Copyright © International Journal of Pharma and Bio Sciences.",Excluded,,,,,,,,,,
SARS CoV-2 (COVID-19) Current Pharmacotherapy for Mother and Infant,"The novel coronavirus disease 2019 (COVID-19), appeared in the United States over 1 year ago. This virus has a wide range of presentations, from being asymptomatic to causing severe acute respiratory syndrome, which can lead to death. It has led to a worldwide effort to find effective treatments, from repurposed medications to new discoveries, as well as the push to develop effective vaccines. As the race to fight this pandemic unfolds, this column provides what is currently available to combat this virus, how it has been utilized in the pregnant population, and what data have been made available about how these treatments affect fetal development and the neonate. © Copyright 2021 Springer Publishing Company, LLC.",Excluded,,,,,,,,,,
"Safety, pharmacokinetics, and activity of high-dose ivermectin and chloroquine against the liver stage of Plasmodium cynomolgi infection in rhesus macaques","Previously, ivermectin (1 to 10 mg/kg of body weight) was shown to inhibit the liver-stage development of Plasmodium berghei in orally dosed mice. Here, ivermectin showed inhibition of the in vitro development of Plasmodium cynomolgi schizonts (50% inhibitory concentration [IC<inf>50</inf>], 10.42 muM) and hypnozoites (IC<inf>50</inf>, 29.24 muM) in primary macaque hepatocytes when administered as a high dose prophylactically but not when administered in radical cure mode. The safety, pharmacokinetics, and efficacy of oral ivermectin (0.3, 0.6, and 1.2 mg/kg) with and without chloroquine (10 mg/kg) administered for 7 consecutive days were evaluated for prophylaxis or radical cure of P. cynomolgi liver stages in rhesus macaques. No inhibition or delay to blood-stage P. cynomolgi parasitemia was observed at any ivermectin dose (0.3, 0.6, and 1.2 mg/kg). Ivermectin (0.6 and 1.2 mg/kg) and chloroquine (10 mg/kg) in combination were well-tolerated with no adverse events and no significant pharmacokinetic drug-drug interactions observed. Repeated daily ivermectin administration for 7 days did not inhibit ivermectin bioavailability. It was recently demonstrated that both ivermectin and chloroquine inhibit replication of the novel severe acute respiratory syndrome coronavirus 2 (SARS-CoV-2) in vitro. Further ivermectin and chloroquine trials in humans are warranted to evaluate their role in Plasmodium vivax control and as adjunctive therapies against COVID-19 infections. Copyright © 2020 Vanachayangkul et al.",Excluded,,,,,,,,,,
Safety of inhaled ivermectin as a repurposed direct drug for treatment of COVID-19: A preclinical tolerance study,"Introduction: SARS-CoV-2 replication in cell cultures has been shown to be inhibited by ivermectin. However, ivermectin's low aqueous solubility and bioavailability hinders its application in COVID-19 treatment. Also, it has been suggested that best outcomes for this medication can be achieved via direct administration to the lung. Objective(s): This study aimed at evaluating the safety of a novel ivermectin inhalable formulation in rats as a pre-clinical step. Method(s): Hydroxy propyl-beta-cyclodextrin (HP-beta-CD) was used to formulate readily soluble ivermectin lyophilized powder. Adult male rats were used to test lung toxicity for ivermectin-HP-beta-CD formulations in doses of 0.05, 0.1, 0.2, 0.4 and 0.8 mg/kg for 3 successive days. Result(s): The X-ray diffraction for lyophilized ivermectin-HP-beta-CD revealed its amorphous structure that increased drug aqueous solubility 127-fold and was rapidly dissolved within 5 s in saline. Pulmonary administration of ivermectin-HP-beta-CD in doses of 0.2, 0.4 and 0.8 mg/kg showed dose-dependent increase in levels of TNF-alpha, IL-6, IL-13 and ICAM-1 as well as gene expression of MCP-1, protein expression of PIII-NP and serum levels of SP-D paralleled by reduction in IL-10. Moreover, lungs treated with ivermectin (0.2 mg/kg) revealed mild histopathological alterations, while severe pulmonary damage was seen in rats treated with ivermectin at doses of 0.4 and 0.8 mg/kg. However, ivermectin-HP-beta-CD formulation administered in doses of 0.05 and 0.1 mg/kg revealed safety profiles. Conclusion(s): The safety of inhaled ivermectin-HP-beta-CD formulation is dose-dependent. Nevertheless, use of low doses (0.05 and 0.1 mg/kg) could be considered as a possible therapeutic regimen in COVID-19 cases. Copyright © 2021 Elsevier B.V.",Excluded,,,,,,,,,,
Safety and Pharmacokinetic Assessments of a Novel Ivermectin Nasal Spray Formulation in a Pig Model,"Recently published data indicates that high ivermectin (IVM) concentrations suppress in vitro SARS-CoV-2 replication. Nasal IVM spray administration may contribute to attaining high drug concentrations in nasopharyngeal tissue, a primary site of virus entrance/replication. The safety and pharmacokinetic performances of a novel IVM spray formulation were assessed in a pig model. Piglets received IVM either orally (0.2 mg/kg) or by one or two nasal spray doses. The overall safety, and histopathology of the IVM-spray application site tissues, were assessed. The IVM concentration profiles measured in plasma and respiratory tract tissues after the nasal spray were compared with those achieved after the oral administration. Animals tolerated well the nasal spray formulation. No local/systemic adverse events were observed. After nasal administration, the highest IVM concentrations were measured in nasopharyngeal and lung tissues. The nasal/oral IVM concentration ratios in nasopharyngeal and lung tissues markedly increased by repeating (12 h apart) the spray application. The fast attainment of high and persistent IVM concentrations in nasopharyngeal tissue is the main advantage of the nasal over the oral route. These original results support the undertaking of future clinical trials to evaluate the safety/efficacy of the nasal IVM spray application in the prevention and/or treatment of COVID-19. Copyright © 2021 The Authors",Excluded,,,,,,,,,,
Safety and efficacy of ivermectin in times of COVID-19. [Spanish],"Since its appearance in December 2019, the SARS-CoV-2 infection spread rapidly to the whole world. About 80 % of COVID-19 patients have mild to moderate symptoms, 20 % develop severe respiratory symptoms, and about 6 % may require mechanical ventilation. In the absence of clinically proven treatment guidelines, several well-known drugs began to be evaluated in clinical trials for their likely benefits in the treatment of COVID-19. Among them is the antiparasitic drug ivermectin, one of the avermactins produced by the bacterium Streptomyces avermitilis, discovered in the seventies by Professor Omura's group in collaboration with the pharmaceutical industry. Ivermectin has been shown to inhibit the interaction between viral protein and importin alpha/beta1 heterodimer, leading to inhibition of viral replication. This mechanism of action of ivermectin against SARS-CoV-2 was recently demonstrated in Vero/hSLAM cells. To date, the results of a clinical trial conducted in Argentina that prove the usefulness of ivermectin in the early stages of the disease are known. In addition, around 40 clinical studies, which seek to confirm the importance of ivermectin as a cost-effective treatment for COVID-19, are registered worldwide. Regarding its safety, ivermectin has proven to be a well-tolerated drug over the years. Copyright © La revista. Publicado por Universidad de San Martin de Porres, Peru. Licencia de Creative Commons Articulo en acceso abierto bajo terminos de Licencia Creative Commons Atribucion 4.0 Internacional. (http://creativecommons.org/licenses/by/4.0/)",Excluded,,,,,,,,,,
Safety and Efficacy of Ivermectin and Doxycycline Monotherapy and in Combination in the Treatment of COVID-19: A Scoping Review,"Introduction and Objective: Ivermectin (IVM) and doxycycline (DOXY) have demonstrated in-vitro activity against SARS-CoV-2, and have a reasonable safety profile. The objective of this systematic review was to explore the evidence in the literature on the safety and efficacy of their use as monotherapy and combination therapy in COVID-19 management. Method(s): After prospectively registering the study protocol with the Open Science Framework, we searched PubMed, Google Scholar, clinicaltrials.gov, various pre-print servers and reference lists for relevant records published until 16 February, 2021 using appropriate search strategies. Baseline features and data pertaining to efficacy and safety outcomes were extracted separately for IVM monotherapy, DOXY monotherapy, and IVM + DOXY combination therapy. Methodological quality was assessed based on the study design. Result(s): Out of 200 articles screened, 19 studies (six retrospective cohort studies, seven randomised controlled trials, five non-randomised trials, one case series) with 8754 unique patients with multiple stages of COVID-19 were included; four were pre-prints and one was an unpublished clinicaltrials.gov document. The comparator was standard care and 'hydroxychloroquine + azithromycin' in seven and three studies respectively, and two studies were placebo controlled; six studies did not have a comparator. IVM monotherapy, DOXY monotherapy and IVM + DOXY were explored in eight, five and five studies, respectively; one study compared IVM monotherapy and IVM + DOXY with placebo. While all studies described efficacy, the safety profile was described in only six studies. Efficacy outcomes were mixed with some studies concluding in favour of the intervention and some studies displaying no significant benefit; barring one study that described 9/183 patients with erosive esophagitis and non-ulcer dyspepsia with IVM + DOXY (without causality assessment details), there were no new safety signals of concern with any of the three interventions considered. The quality of studies varied widely, with five studies having a 'good' methodological quality. Conclusion(s): Evidence is not sufficiently strong to either promote or refute the efficacy of IVM, DOXY, or their combination in COVID-19 management. Systematic Review Protocol Registration Details: Open Science Framework: https://osf.io/n7r2j. Copyright © 2021, The Author(s), under exclusive licence to Springer Nature Switzerland AG.",Excluded,,,,,,,,,,
Role of ivermectin in the prevention of SARSCoV-2 infection among healthcare workers in India: A matched case-control study,"Background Ivermectin is one among several potential drugs explored for its therapeutic and preventive role in SARS-CoV-2 infection. The study was aimed to explore the association between ivermectin prophylaxis and the development of SARS-CoV-2 infection among healthcare workers. Methods A hospital-based matched case-control study was conducted among healthcare workers of AIIMS Bhubaneswar, India, from September to October 2020. Profession, gender, age and date of diagnosis were matched for 186 case-control pairs. Cases and controls were healthcare workers who tested positive and negative, respectively, for COVID-19 by RT-PCR. Exposure was defined as the intake of ivermectin and/or hydroxychloroquine and/or vitamin-C and/or other prophylaxis for COVID-19. Data collection and entry was done in Epicollect5, and analysis was performed using STATA version 13. Conditional logistic regression models were used to describe the associated factors for SARS-CoV-2 infection. Results Ivermectin prophylaxis was taken by 76 controls and 41 cases. Two-dose ivermectin prophylaxis (AOR 0.27, 95% CI, 0.15-0.51) was associated with a 73% reduction of SARSCoV-2 infection among healthcare workers for the following month. Those involved in physical activity (AOR 3.06 95% CI, 1.18-7.93) for more than an hour/day were more likely to contract SARS-CoV-2 infection. Type of household, COVID duty, single-dose ivermectin prophylaxis, vitamin-C prophylaxis and hydroxychloroquine prophylaxis were not associated with SARS-CoV-2 infection. Conclusion Two-dose ivermectin prophylaxis at a dose of 300 mug/kg with a gap of 72 hours was associated with a 73% reduction of SARS-CoV-2 infection among healthcare workers for the following month. Chemoprophylaxis has relevance in the containment of pandemic. Copyright: © 2021 Behera et al. This is an open access article distributed under the terms of the Creative Commons Attribution License, which permits unrestricted use, distribution, and reproduction in any medium, provided the original author and source are credited.",Included,,,,,,,,,,
Role of ivermectin in the prevention of SARS-CoV-2 infection among healthcare workers in India: A matched case-control study,"BACKGROUND: Ivermectin is one among several potential drugs explored for its therapeutic and preventive role in SARS-CoV-2 infection. The study was aimed to explore the association between ivermectin prophylaxis and the development of SARS-CoV-2 infection among healthcare workers.     METHODS: A hospital-based matched case-control study was conducted among healthcare workers of AIIMS Bhubaneswar, India, from September to October 2020. Profession, gender, age and date of diagnosis were matched for 186 case-control pairs. Cases and controls were healthcare workers who tested positive and negative, respectively, for COVID-19 by RT-PCR. Exposure was defined as the intake of ivermectin and/or hydroxychloroquine and/or vitamin-C and/or other prophylaxis for COVID-19. Data collection and entry was done in Epicollect5, and analysis was performed using STATA version 13. Conditional logistic regression models were used to describe the associated factors for SARS-CoV-2 infection.     RESULTS: Ivermectin prophylaxis was taken by 76 controls and 41 cases. Two-dose ivermectin prophylaxis (AOR 0.27, 95% CI, 0.15-0.51) was associated with a 73% reduction of SARS-CoV-2 infection among healthcare workers for the following month. Those involved in physical activity (AOR 3.06 95% CI, 1.18-7.93) for more than an hour/day were more likely to contract SARS-CoV-2 infection. Type of household, COVID duty, single-dose ivermectin prophylaxis, vitamin-C prophylaxis and hydroxychloroquine prophylaxis were not associated with SARS-CoV-2 infection.     CONCLUSION: Two-dose ivermectin prophylaxis at a dose of 300 mug/kg with a gap of 72 hours was associated with a 73% reduction of SARS-CoV-2 infection among healthcare workers for the following month. Chemoprophylaxis has relevance in the containment of pandemic.",Included,,,,,,,,,,
Risk of hospitalization for Covid-19 outpatients treated with various drug regimens in Brazil: Comparative analysis,"Background: For the past few months, HMOs have faced crowded emergency rooms and insufficient hospital and intensive-care-unit beds, all from the worst pandemic of this century, COVID-19. Method(s): In a large HMO in Brazil, our approach was to allow treating physicians to prescribe antiviral medications immediately at presentation, and prednisone starting on day-6 of symptoms to treat pulmonary inflammation. We implemented this COVID-19 protocol for outpatients and studied 717 consecutive SARS-CoV-2-positive patients age 40 years or older presenting at our emergency rooms. Result(s): Use of hydroxychloroquine (HCQ), prednisone or both significantly reduced hospitalization risk by 50-60%. Ivermectin, azithromycin and oseltamivir did not substantially reduce risk further. Hospitalization risk was doubled for people with type-2 diabetes or obesity, increased by two-thirds for people with heart disease, and by 75% for each decade of age over age 40. Similar magnitudes of reduced risk with HCQ and prednisone use were seen for mortality risk, though were not significant because of only 11 deaths among the 717 patients. No cardiac arrhythmias requiring medication termination were observed for any of the medications. Conclusion(s): This work adds to the growing literature of studies that have found substantial benefit for use of HCQ combined with other agents in the early outpatient treatment of COVID-19, and adds the possibility of steroid use to enhance treatment efficacy. Copyright © 2020",Excluded,,,,,,,,,,
A REVIEW on the ANTIPARASITIC DRUG IVERMECTIN for VARIOUS VIRAL INFECTIONS and POSSIBILITIES of USING IT for NOVEL SEVERE ACUTE RESPIRATORY SYNDROME CORONAVIRUS 2: NEW HOPE to TREAT CORONAVIRUS DISEASE-2019,"The novel coronavirus infection has spread all over the world. With no specific drug or vaccine, the process of ""drug repurposing""becomes a feasible solution. As severe acute respiratory syndrome coronavirus 2 (SARS-CoV-2) has 80% sequence similarity with the SARS-CoV, the nuclear import inhibitor ""Ivermectin""(IVM) has recently been studied as a possible treatment option for coronavirus disease-2019 (COVID-19). The article aims to provide a review on structure and immunogenicity of SARS-CoV-2, indications of IVM for viral diseases, its possible mechanism on COVID-19 with a brief discussion on IVM structure, pharmacokinetics, adverse drug reactions, drug interactions, and contraindications. Further, we made possible comparisons of IVM with solidarity trial drugs and analyzed its major advantages, limitations and gave necessary recommendations for its use in future in vivo studies in the treatment of COVID-19. Copyright © 2020 The Authors.",Excluded,,,,,,,,,,
A Review on Current Repurposing Drugs for the Treatment of COVID-19: Reality and Challenges,"The coronavirus disease 2019 (COVID-19) caused by the novel severe acute respiratory syndrome coronavirus 2 (SARS-CoV-2) has become a global pandemic with a high growth rate of confirmed cases. Therefore, therapeutic options are desperately urgent to fight with this damning virus. As it may take years to develop a specific therapy of COVID-19, it is urgent to emphasize the repurposing of drugs used for other conditions. This study reviewed the most common drugs for COVID-19 based on available online literature representing the latest in vitro clinical trial database, rational of use, adverse effects, potential toxicities, and US National Institute of Health (NIH) recommendation to use for COVID-19. Based on the preliminary data from clinical trials and considering the NIH and FDA recommendation, remdesivir and convalescent blood products are the most promising potential for COVID-19 treatment. The use of chloroquine, hydroxychloroquine, favipiravir, ivermectin, and colchicine might also be effective. However, furthermore, in vivo investigations are needed in detail individually and in combination for possible benefits in humans. Besides, tocilizumab might be deemed as adjunctive therapy for patients with cytokine release syndrome. However, lopinavir-ritonavir, anakinra, and sarilumab had not proven their clinical efficacy. Eventually, sarilumab has been withdrawn from sponsored clinical trials based on the preliminary data. Baricitinib and ruxolitinib have the additive immunosuppressive effect. Consequently, all of these drugs are being evaluated with further studies. In addition, drug-drug interaction and safety concerns must be taken into account before the administration of the recommended drugs. Copyright © 2020, Springer Nature Switzerland AG.",Excluded,,,,,,,,,,
Review of the Emerging Evidence Demonstrating the Efficacy of Ivermectin in the Prophylaxis and Treatment of COVID-19,"BACKGROUND: After COVID-19 emerged on U.S shores, providers began reviewing the emerging basic science, translational, and clinical data to identify potentially effective treatment options. In addition, a multitude of both novel and repurposed therapeutic agents were used empirically and studied within clinical trials. AREAS OF UNCERTAINTY: The majority of trialed agents have failed to provide reproducible, definitive proof of efficacy in reducing the mortality of COVID-19 with the exception of corticosteroids in moderate to severe disease. Recently, evidence has emerged that the oral antiparasitic agent ivermectin exhibits numerous antiviral and anti-inflammatory mechanisms with trial results reporting significant outcome benefits. Given some have not passed peer review, several expert groups including Unitaid/World Health Organization have undertaken a systematic global effort to contact all active trial investigators to rapidly gather the data needed to grade and perform meta-analyses. DATA SOURCES: Data were sourced from published peer-reviewed studies, manuscripts posted to preprint servers, expert meta-analyses, and numerous epidemiological analyses of regions with ivermectin distribution campaigns. THERAPEUTIC ADVANCES: A large majority of randomized and observational controlled trials of ivermectin are reporting repeated, large magnitude improvements in clinical outcomes. Numerous prophylaxis trials demonstrate that regular ivermectin use leads to large reductions in transmission. Multiple, large ""natural experiments"" occurred in regions that initiated ""ivermectin distribution"" campaigns followed by tight, reproducible, temporally associated decreases in case counts and case fatality rates compared with nearby regions without such campaigns. CONCLUSION(S): Meta-analyses based on 18 randomized controlled treatment trials of ivermectin in COVID-19 have found large, statistically significant reductions in mortality, time to clinical recovery, and time to viral clearance. Furthermore, results from numerous controlled prophylaxis trials report significantly reduced risks of contracting COVID-19 with the regular use of ivermectin. Finally, the many examples of ivermectin distribution campaigns leading to rapid population-wide decreases in morbidity and mortality indicate that an oral agent effective in all phases of COVID-19 has been identified. Copyright © 2021 The Author(s). Published by Wolters Kluwer Health, Inc.",Excluded,,,,,,,,,,
A review of the anti-viral effects of ivermectin,"Ivermectin is an avermectin which is a group of pentacyclic sixteen-membered lactone (macrocyclic lactone disaccharide) derived from the soil bacterium Streptomyces avermitilis. It is a semi-synthetic broad-spectrum anti-helminthic, anti-viral and anti-cancer agent. It has a wide safety margin with low adverse effects when it is used orally. It has, however, so far only been approved by the Food and Drug Administration (FDA) as a broad spectrum anti-parasitic agent. Because ivermectin also has broad activities as an anti-viral agent, we herein review its pharmacokinetic and pharmacodynamic activities, as well as the in vitro and in vivo studies conducted on the drug. It is hoped that this work will pave way for ivermectin being seriously considered as an addition to the drugs available for the management of patients with COVID-19. Copyright © 2021 African Journal of Clinical and Experimental Microbiology. All rights reserved.",Excluded,,,,,,,,,,
"Response to Letter Regarding Article, ""Effects of Ivermectin in Patients With COVID-19: A Multicenter, Double-Blind, Randomized, Controlled Clinical Trial""",,Excluded,,,,,,,,,,
Repurposing of the approved small molecule drugs in order to inhibit SARS-CoV-2 S protein and human ACE2 interaction through virtual screening approaches,"Most recently, the new coronavirus (SARS-CoV-2) has been recognized as a pandemic by the World Health Organization (WHO) while this virus shares substantial similarity with SARS-CoV. So far, no definitive vaccine or drug has been developed to cure Covid-19 disease, since many important aspects about Covid-19 such as pathogenesis and proliferation pathways are still unclear. It was proven that human ACE2 is the main receptor for the entry of Covid-19 into lower respiratory tract epithelial cells through interaction with SARS-CoV-2 S protein. Based on this observation, it is expected that the virus infection can be inhibited if protein-protein interaction is prevented. In this study, using structure-based virtual screening of FDA databases, several lead drugs were discovered based on the ACE2-binding pocket of SARS-CoV-2 S protein. Then, binding affinity, binding modes, critical interactions, and pharmaceutical properties of the lead drugs were evaluated. Among the previously approved drugs, Diammonium Glycyrrhizinate, Digitoxin, Ivermectin, Rapamycin, Rifaximin, and Amphotericin B represented the most desirable features, and can be possible candidates for Covid-19 therapies. Furthermore, molecular dynamics (MD) simulation was accomplished for three S protein/drug complexes with the highest binding affinity and best conformation and binding free energies were also computed with the Molecular Mechanics/Poisson-Boltzmann Surface Area (MM/PBSA) method. Results demonstrated the stable binding of these compounds to the S protein; however, in order to confirm the curative effect of these drugs, clinical trials must be done.",Excluded,,,,,,,,,,
Repurposing of the approved small molecule drugs in order to inhibit SARS-CoV-2 S protein and human ACE2 interaction through virtual screening approaches,"Most recently, the new coronavirus (SARS-CoV-2) has been recognized as a pandemic by the World Health Organization (WHO) while this virus shares substantial similarity with SARS-CoV. So far, no definitive vaccine or drug has been developed to cure Covid-19 disease, since many important aspects about Covid-19 such as pathogenesis and proliferation pathways are still unclear. It was proven that human ACE2 is the main receptor for the entry of Covid-19 into lower respiratory tract epithelial cells through interaction with SARS-CoV-2 S protein. Based on this observation, it is expected that the virus infection can be inhibited if protein-protein interaction is prevented. In this study, using structure-based virtual screening of FDA databases, several lead drugs were discovered based on the ACE2-binding pocket of SARS-CoV-2 S protein. Then, binding affinity, binding modes, critical interactions, and pharmaceutical properties of the lead drugs were evaluated. Among the previously approved drugs, Diammonium Glycyrrhizinate, Digitoxin, Ivermectin, Rapamycin, Rifaximin, and Amphotericin B represented the most desirable features, and can be possible candidates for Covid-19 therapies. Furthermore, molecular dynamics (MD) simulation was accomplished for three S protein/drug complexes with the highest binding affinity and best conformation and binding free energies were also computed with the Molecular Mechanics/Poisson-Boltzmann Surface Area (MM/PBSA) method. Results demonstrated the stable binding of these compounds to the S protein; however, in order to confirm the curative effect of these drugs, clinical trials must be done. Copyright © 2020 Informa UK Limited, trading as Taylor & Francis Group.",Excluded,,,,,,,,,,
Repurposing of FDA-approved drugs against active site and potential allosteric drug-binding sites of COVID-19 main protease,"The novel coronavirus disease 2019 (COVID-19) caused by severe acute respiratory syndrome coronavirus 2 (SARS-CoV-2) still has serious negative effects on health, social life, and economics. Recently, vaccines from various companies have been urgently approved to control SARS-CoV-2 infections. However, any specific antiviral drug has not been confirmed so far for regular treatment. An important target is the main protease (M<sup>pro</sup>), which plays a major role in replication of the virus. In this study, Gaussian and residue network models are employed to reveal two distinct potential allosteric sites on M<sup>pro</sup> that can be evaluated as drug targets besides the active site. Then, Food and Drug Administration (FDA)-approved drugs are docked to three distinct sites with flexible docking using AutoDock Vina to identify potential drug candidates. Fourteen best molecule hits for the active site of M<sup>pro</sup> are determined. Six of these also exhibit high docking scores for the potential allosteric regions. Full-atom molecular dynamics simulations with MM-GBSA method indicate that compounds docked to active and potential allosteric sites form stable interactions with high binding free energy (G<inf>bind</inf>) values. G<inf>bind</inf> values reach -52.06 kcal/mol for the active site, -51.08 kcal/mol for the potential allosteric site 1, and - 42.93 kcal/mol for the potential allosteric site 2. Energy decomposition calculations per residue elucidate key binding residues stabilizing the ligands that can further serve to design pharmacophores. This systematic and efficient computational analysis successfully determines ivermectine, diosmin, and selinexor currently subjected to clinical trials, and further proposes bromocriptine, elbasvir as M<sup>pro</sup> inhibitor candidates to be evaluated against SARS-CoV-2 infections. Copyright © 2021 Wiley Periodicals LLC.",Excluded,,,,,,,,,,
Repurposing Ivermectin for COVID-19: Molecular Aspects and Therapeutic Possibilities,"As of January 2021, SARS-CoV-2 has killed over 2 million individuals across the world. As such, there is an urgent need for vaccines and therapeutics to reduce the burden of COVID-19. Several vaccines, including mRNA, vector-based vaccines, and inactivated vaccines, have been approved for emergency use in various countries. However, the slow roll-out of vaccines and insufficient global supply remains a challenge to turn the tide of the pandemic. Moreover, vaccines are important tools for preventing the disease but therapeutic tools to treat patients are also needed. As such, since the beginning of the pandemic, repurposed FDA-approved drugs have been sought as potential therapeutic options for COVID-19 due to their known safety profiles and potential anti-viral effects. One of these drugs is ivermectin (IVM), an antiparasitic drug created in the 1970s. IVM later exerted antiviral activity against various viruses including SARS-CoV-2. In this review, we delineate the story of how this antiparasitic drug was eventually identified as a potential treatment option for COVID-19. We review SARS-CoV-2 lifecycle, the role of the nucleocapsid protein, the turning points in past research that provided initial 'hints' for IVM's antiviral activity and its molecular mechanism of action- and finally, we culminate with the current clinical findings. © Copyright © 2021 Wehbe, Wehbe, Iratni, Pintus, Zaraket, Yassine and Eid.",Excluded,,,,,,,,,,
Repurposing drugs for the management of patients with confirmed coronavirus disease 2019 (Covid-19),"Background: Severe acute respiratory syndrome coronavirus 2 (SARS-CoV-2), termed coronavirus disease 2019 (COVID-19) by the World Health Organization, is a newly emerging zoonotic agent that emerged in China in December 2019. No specific treatment for COVID-19 is currently available. Usual palliative treatment includes maintaining hydration and nutrition and controlling fever and cough. The clinical severity and extent of transmission need to be determined, and therapeutic options need to be developed and optimized. Method(s): The present review discusses the recent repurposing of drugs for COVID-19 treatment. Result(s): Several compounds, including remdesivir, lopinavir, ritonavir, interferon-beta, ribavirin, chloro-quine/hydroxychloroquine, azithromycin, tocilizumab, and ivermectin, have emerged as promising alternatives. They block the virus from entering host cells, prevent viral replication, and attenuate exacerbation of the host's immune response. Conclusion(s): Although some evidence indicates the positive actions of different classes of compounds for the treatment of COVID-19, few clinical assays have been established to definitively demonstrate their therapeutic value in humans. Multicenter clinical studies are urgently needed to validate and standardize therapeutic regimens that involve these agents. Although science has not yet presented us with a specific drug against COVID-19, the repurposing of drugs appears to be promising in our fight against this devastating disease. Copyright © 2021 Bentham Science Publishers.",Excluded,,,,,,,,,,
Repurposing Drugs for COVID-19: An Approach for Treatment in the Pandemic,"Context: Drug repurposing is a relevant approach during the COVID-19 pandemic, because development of new drugs is time-consuming and costly, and the safety of new drugs is paramount. Drug repurposing focuses on researching new indications for existing drugs and can reduce the challenges faced in drug development. Objective(s): The current review intended to examine the current status of drugs being repurposed for COVID-19 treatment. Design(s): The research team performed a literature review, searching relevant literature databases to find abstracts of relevant articles in journals published from 2010 until May 16, 2020. The sources of data included Google Scholar, PubMed, and ScienceDirect. The search terms used included repositioning of drugs, repurposing of drugs and COVID-19 therapy, and SARS-CoV-2 therapy. Setting(s): The research team conducted this study at the Department of Pharmacology, Punjab University College of Pharmacy, University of the Punjab, Lahore, Pakistan; Mangalbare Hospital, Morang, Nepal; and Dr Iwamura Memorial Hospital, Bhaktapur, Nepal. Result(s): Repurposing of drugs from different pharmacological groups including antivirals like remdesivir, lopinavir, ritonavir, arbidol, oseltamivir, penciclovir, favipiravir, ganciclovir, and ribavirin; other antibiotics like azithromycin, ivermectin, eravacycline, valrubicin, streptomycin, nitazoxanide, teicoplanin, caspofungin, and colistin; and other agents like hydroxychloroquine, chloroquine, tocilizumab, camostat, nafamostat, carfilzomib, interferon, aprepitant, and dexamethasone can be considered for COVID-19 therapy. Conclusion(s): Although current results are promising, limitations to drug repurposing, such as a low success rate and the possibility of adverse events, can't be overlooked. With continuous research and technical advancements, repurposing will no doubt provide a notable scientific contribution to innovation in drug development and pharmacotherapy practice for the treatment of new diseases or existing diseases in a new way.",Excluded,,,,,,,,,,
Repurposing approved drugs as inhibitors of SARS-CoV-2 S-protein from molecular modeling and virtual screening,"Herein, molecular modeling techniques were used with the main goal to obtain candidates from a drug database as potential targets to be used against SARS-CoV-2. This novel coronavirus, responsible by the COVID-19 outbreak since the end of 2019, became a challenge since there is not vaccine for this disease. The first step in this investigation was to solvate the isolated S-protein in water for molecular dynamics (MD) simulation, being observed a transition from ""up"" to ""down"" conformation of receptor-binding domain (RBD) of the S-protein with angle of 54.3 and 43.0 degrees, respectively. The RBD region was more exposed to the solvent and to the possible drugs due to its enhanced surface area. From the equilibrated MD structure, virtual screening by docking calculations were performed using a library contained 9091 FDA approved drugs. Among them, 24 best-scored ligands (14 traditional herbal isolate and 10 approved drugs) with the binding energy below -8.1 kcal/mol were selected as potential candidates to inhibit the SARS-CoV-2 S-protein, preventing the human cell infection and their replication. For instance, the ivermectin drug (present in our list of promise candidates) was recently used successful to control viral replication in vitro. MD simulations were performed for the three best ligands@S-protein complexes and the binding energies were calculated using the MM/PBSA approach. Overall, it is highlighted an important strategy, some key residues, and chemical groups which may be considered on clinical trials for COVID-19 outbreak. [Formula: see text]Communicated by Ramaswamy H. Sarma.",Excluded,,,,,,,,,,
Repurposing approved drugs as inhibitors of SARS-CoV-2 S-protein from molecular modeling and virtual screening,"Herein, molecular modeling techniques were used with the main goal to obtain candidates from a drug database as potential targets to be used against SARS-CoV-2. This novel coronavirus, responsible by the COVID-19 outbreak since the end of 2019, became a challenge since there is not vaccine for this disease. The first step in this investigation was to solvate the isolated S-protein in water for molecular dynamics (MD) simulation, being observed a transition from ""up"" to ""down"" conformation of receptor-binding domain (RBD) of the S-protein with angle of 54.3 and 43.0 degrees, respectively. The RBD region was more exposed to the solvent and to the possible drugs due to its enhanced surface area. From the equilibrated MD structure, virtual screening by docking calculations were performed using a library contained 9091 FDA approved drugs. Among them, 24 best-scored ligands (14 traditional herbal isolate and 10 approved drugs) with the binding energy below -8.1 kcal/mol were selected as potential candidates to inhibit the SARS-CoV-2 S-protein, preventing the human cell infection and their replication. For instance, the ivermectin drug (present in our list of promise candidates) was recently used successful to control viral replication in vitro. MD simulations were performed for the three best ligands@S-protein complexes and the binding energies were calculated using the MM/PBSA approach. Overall, it is highlighted an important strategy, some key residues, and chemical groups which may be considered on clinical trials for COVID-19 outbreak. (Figure presented.) Communicated by Ramaswamy H. Sarma. Copyright © 2020 Informa UK Limited, trading as Taylor & Francis Group.",Excluded,,,,,,,,,,
Reply to: Ivermectin in COVID-19. Argumentum ad ignorantiam?,,Excluded,,,,,,,,,,
"Reply to ""Ivermectin Treatment May Improve the Prognosis of Patients With COVID-19""",,Excluded,,,,,,,,,,
"Reply to ""Antiviral and anti-inflammatory properties of ivermectinand its potential use in Covid-19""",,Excluded,,,,,,,,,,
Remedy for scabies against COVID-19: In vitro efficacy of ivermectin is waiting for clinical confirmation. [German],,Excluded,,,,,,,,,,
Remdesivir and favipiravir for COVID -19: An update,"COVID-19 pandemic due to SARS-CoV-2 infection has already resulted in more than 6 lakhs death worldwide. Various drugs like hydroxychloroquine, lopinavir/ritonavir, dexamethasone, ivermectin etc are examples of drugs currently used to treat COVID-19 with varying results. Remdesivir is a broad spectrum anti-viral agent, which is active against Middle East respiratory syndrome coronavirus (MERS-CoV), SARS-CoV-1, Ebola virus etc. Favipiravir had been widely used for treating influenza pandemics in Japan in 2014 .Studies showed that it was effective for treating many RNA viruses like arenavirus, bunyavirus, flavivirus, and filoviruses causing hemorrhagic fever and Ebola virus. Remdesivir and favipiravir are anti-viral agents tried in patients with COVID-19 with varying results. Currently Remdesivir is recommended in hospitalized patients with COVID-19 requiring supplemental oxygen and favipiravir in patients with mild to moderate disease. In this article we are reviewing the pharmacological features and clinical use of Remdesivir and favipiravir in COVID-19. Copyright © 2020 Annals of Clinical Cardiology",Excluded,,,,,,,,,,
Remarks About Retrospective Analysis of Ivermectin Effectiveness on Coronavirus Disease 2019 (ICON Study),,Included,,,,,,,,,,
Regarding the lack of transparency in technical documents for the treatment of patients with COVID-19 in Peru. [Spanish],"The Peruvian Ministry of Health (MINSA, in Spanish) has published ministerial resolutions (MR) with the aim of regulating the treatment of people affected by COVID-19. These MR include the use of specific drugs for COVID-19, such as tocilizumab, corticosteroids, enoxaparin, hydroxychloroquine, and ivermectin. These guidelines do not make clear what process was followed to make decisions, how each of these decisions was justified, who their authors are or their potential conflicts of interest. It is important to make an effort to promptly make these data transparent, especially in a subject in which there is still not much evidence, such as COVID-19. In this article, we present controversies on the use of specific drugs for COVID-19 established by MINSA, as well as recommendations on the decision-making process. Copyright © 2020 Acta Medica Peruana",Excluded,,,,,,,,,,
Recognition of potential covid-19 drug treatments through the study of existing protein-drug and protein-protein structures: An analysis of kinetically active residues,"We report the results of our in silico study of approved drugs as potential treatments for COVID-19. The study is based on the analysis of normal modes of proteins. The drugs studied include chloroquine, ivermectin, remdesivir, sofosbuvir, boceprevir, and alpha-difluoromethylornithine (DMFO). We applied the tools we developed and standard tools used in the structural biology community. Our results indicate that small molecules selectively bind to stable, kinetically active residues and residues adjoining them on the surface of proteins and inside protein pockets, and that some prefer hydrophobic sites over other active sites. Our approach is not restricted to viruses and can facilitate rational drug design, as well as improve our understanding of molecular interactions, in general. Copyright © 2020, MDPI AG. All rights reserved.",Excluded,,,,,,,,,,
Randomized clinical trial to compare the efficacy of ivermectin versus placebo to negativize nasopharyngeal PCR in patients with early COVID-19 in Peru (SAINT-Peru): a structured summary of a study protocol for randomized controlled trial,"Objectives: The primary objective is to determine the effect of a daily dose of ivermectin administered in three consecutive days to non-severe COVID-19 patients with no more than 96 hours of symptoms, on the detection of SARS-CoV-2 RNA by PCR from nasopharyngeal swabs at day seven post-treatment initiation. The secondary objectives are:1.To assess the efficacy of ivermectin to reduce the SARS-CoV-2 viral load in the nasopharyngeal swab on days 4, 7, 14 and 21 post-treatment initiation2.To assess the efficacy of ivermectin on the improvement of symptoms3.To assess the proportion of seroconversions at day 214.To assess the safety of ivermectin at the proposed dose5.To determine the magnitude of the immune response against SARS-CoV-26.To assess correlation of the presence of intestinal helminths on participants on baseline and day 14 with COVID-19 progression and treatment. Trial design: SAINT PERU is a triple-blinded, randomized, placebo-controlled trial with two parallel arms to evaluate the efficacy of ivermectin in negativizing nasopharyngeal PCR in patients with SARS-CoV-2 infection. Participant(s): The trial is conducted in two national hospitals in Lima-Peru. The study population is patients with a positive PCR test for SARS-CoV-2 in a nasopharyngeal specimen, symptomatic for 96 hours or less, with non-severe COVID-19 disease at baseline, regardless of the presence of risk factors for progression to severity. The study will not include pregnant women or minors (17 years old or younger). Inclusion criteria1.COVID-19 symptomatology (cough, fever, anosmia, etc.) lasting no more than 96 hours, with a positive nasopharyngeal swab PCR test for SARS-CoV-2.2.18 years or older.3.No use of ivermectin in the month prior to the visit.4.No known history of ivermectin allergy.5.Capable to give informed consent.6.Not current use of CYP 3A4 or P-gp inhibitor drugs such as quinidine, amiodarone, diltiazem, spironolactone, verapamil, clarithromycin, erythromycin, itraconazole, ketoconazole, cyclosporine, tacrolimus, indinavir, ritonavir, cobicistat or critical CYP3A4 substrate drugs such as warfarin. Exclusion criteria1.COVID-19 pneumonia diagnosed by the attending physician (oxygen saturation < 95% or lung examination)2.Positive pregnancy test for women at childbearing age.3.Positive IgG against SARS-CoV-2 by rapid diagnostic test at screening. Participants will be recruited by the investigators at the emergency services of the study sites. They are expected to remain in the trial for a period of 21 days. Follow-up visits will be conducted by the trial medical staff at the participant's home or at a hospital in case of hospitalization. Follow-up visits will assess clinical and laboratory parameters of the patients. Intervention and comparator: Ivermectin (300 mcg/kg) or placebo will be administered in one daily dose for three consecutive days. Currently, there is no solid data on the efficacy of ivermectin against the virus in vivo; therefore the use of placebo in the control group is ethically justified. Main outcomes: Primary Proportion of patients with a positive SARS-CoV-2 PCR from a nasopharyngeal swab at day 7 post-treatment. Secondary1.Mean viral load as determined by PCR cycle threshold (Ct) on days 4, 7, 14, and 21 2. Proportion of patients with fever and cough at days 4, 7, 14, and 21 as well as proportion of patients progressing to severe disease or death during the trial2.Proportion of patients with a positive rapid diagnostic test at day 213.Proportion of drug-related adverse events during the trial4.Median levels of IgG, IgM, IgA measured by Luminex Randomization: Participants will be randomized to receive one dose of 300 mcg/kg ivermectin or placebo daily for three consecutive days. The epidemiologist will generate a list of correlative numbers, in randomized blocks of size 4, with the assignment to the treatment groups (a and b). The randomization list will be kept in an encrypted file accessible only to the trial statistician. This list will be handed directly to the pharmacist. Independently, the principal investigator will randomly assign the intervention (ivermectin) to one of the two groups (a or b) by tossing a coin, and will inform the pharmacist of the result of this process. The pharmacist will prepare and label the treatment vials according to the randomization list prepared by the epidemiologist and the treatment assignment given by the principal investigator. Eligible patients will be allocated in a 1:1 ratio using this randomization list. Blinding (masking): The clinical trial team, the statistician, and the patients will be blinded as to arm allocation. The vials with placebo will be visibly identical to the ones with the active drug. Treatment will be administered by staff not involved in the clinical care or participant's follow up. Numbers to be randomized (sample size): The planned sample size is 186 SARS-CoV-2 PCR positive patients: 93 patients to treatment and 93 to the placebo group. Trial Status: Current protocol version: 2.0 dated January 15<sup>th</sup>, 2021. Recruitment started on Aug 29<sup>th</sup>, 2020. Recruitment is expected to be completed April 30<sup>th</sup> 2021. Trial registration: ""Ensayo Clinico aleatorizado de Fase IIa para comparar la efectividad de la ivermectina versus placebo en la negativizacion del PCR en pacientes en fase temprana de COVID-19"" Peru National Health Institute REPEC with number: PER-034-20, registered July 17<sup>th</sup> 2020 (National Peruvian Registration before the first participant enrolled). ""Randomized Phase IIA Clinical Trial to Evaluate the Efficacy of Ivermectin to Obtain Negative PCR Results in Patients With Early Phase COVID-19"" Clinicaltrials.gov: NCT04635943, retrospectively registered in November 19<sup>th</sup> 2020 Full protocol: The full protocol is attached as an additional file, accessible from the Trials website (Additional file 1). In the interest of expediting dissemination of this material, the familiar formatting has been eliminated; this Letter serves as a summary of the key elements of the full protocol. Copyright © 2021, The Author(s).",Excluded,,,,,,,,,,
"Quantitative proteomics reveals a broad-spectrum antiviral property of ivermectin, benefiting for COVID-19 treatment","Viruses such as human cytomegalovirus (HCMV), human papillomavirus (HPV), Epstein-Barr virus (EBV), human immunodeficiency virus (HIV), and coronavirus (severe acute respiratory syndrome coronavirus 2 [SARS-CoV-2]) represent a great burden to human health worldwide. FDA-approved anti-parasite drug ivermectin is also an antibacterial, antiviral, and anticancer agent, which offers more potentiality to improve global public health, and it can effectively inhibit the replication of SARS-CoV-2 in vitro. This study sought to identify ivermectin-related virus infection pathway alterations in human ovarian cancer cells. Stable isotope labeling by amino acids in cell culture (SILAC) quantitative proteomics was used to analyze human ovarian cancer cells TOV-21G treated with and without ivermectin (20 mumol/L) for 24 h, which identified 4447 ivermectin-related proteins in ovarian cancer cells. Pathway network analysis revealed four statistically significant antiviral pathways, including HCMV, HPV, EBV, and HIV1 infection pathways. Interestingly, compared with the reported 284 SARS-CoV-2/COVID-19-related genes from GencLip3, we identified 52 SARS-CoV-2/COVID-19-related protein alterations when treated with and without ivermectin. Protein-protein network (PPI) was constructed based on the interactions between 284 SARS-CoV-2/COVID-19-related genes and between 52 SARS-CoV-2/COVID-19-related proteins regulated by ivermectin. Molecular complex detection analysis of PPI network identified three hub modules, including cytokines and growth factor family, MAP kinase and G-protein family, and HLA class proteins. Gene Ontology analysis revealed 10 statistically significant cellular components, 13 molecular functions, and 11 biological processes. These findings demonstrate the broad-spectrum antiviral property of ivermectin benefiting for COVID-19 treatment in the context of predictive, preventive, and personalized medicine in virus-related diseases. Copyright © 2020 Wiley Periodicals LLC",Excluded,,,,,,,,,,
A qualitative analysis of seven ivermectin formulations in south africa,Some South African (SA) healthcare practitioners are promoting the prescription and use of products claiming to contain ivermectin for the treatment and/or prevention of COVID-19 in SA. This study qualitatively analysed seven samples of ivermectin formulations (5 tablet and 2 capsule formulations) being sold in SA for human use. The samples were analysed using a high-performance liquid chromatography instrument connected to a Sciex X500R quadrupole time-of-flight high-resolution mass spectrometer. The study found that all the samples had both the major homologues of ivermectin (B1a and B1b) and also that 4 out of the 5 tablet formulations tested had at least one additional undeclared active pharmaceutical ingredient. Copyright © 2021 South African Medical Association. All rights reserved.,Excluded,,,,,,,,,,
Prophylaxis against covid-19: Living systematic review and network meta-analysis,"Objective To determine and compare the effects of drug prophylaxis on SARS-CoV-2 infection and covid-19. Design Living systematic review and network meta-analysis. Data sources World Health Organization covid-19 database, a comprehensive multilingual source of global covid-19 literature to 25 March 2021, and six additional Chinese databases to 20 February 2021. Study selection Randomised trials of people at risk of covid-19 who were assigned to receive prophylaxis or no prophylaxis (standard care or placebo). Pairs of reviewers independently screened potentially eligible articles. Methods Random effects Bayesian network meta-analysis was performed after duplicate data abstraction. Included studies were assessed for risk of bias using a modification of the Cochrane risk of bias 2.0 tool, and certainty of evidence was assessed using the grading of recommendations assessment, development, and evaluation (GRADE) approach. Results The first iteration of this living network meta-analysis includes nine randomised trials-six of hydroxychloroquine (n=6059 participants), one of ivermectin combined with iota-carrageenan (n=234), and two of ivermectin alone (n=540), all compared with standard care or placebo. Two trials (one of ramipril and one of bromhexine hydrochloride) did not meet the sample size requirements for network meta-analysis. Hydroxychloroquine has trivial to no effect on admission to hospital (risk difference 1 fewer per 1000 participants, 95% credible interval 3 fewer to 4 more; high certainty evidence) or mortality (1 fewer per 1000, 2 fewer to 3 more; high certainty). Hydroxychloroquine probably does not reduce the risk of laboratory confirmed SARS-CoV-2 infection (2 more per 1000, 18 fewer to 28 more; moderate certainty), probably increases adverse effects leading to drug discontinuation (19 more per 1000, 1 fewer to 70 more; moderate certainty), and may have trivial to no effect on suspected, probable, or laboratory confirmed SARS-CoV-2 infection (15 fewer per 1000, 64 fewer to 41 more; low certainty). Owing to serious risk of bias and very serious imprecision, and thus very low certainty of evidence, the effects of ivermectin combined with iota-carrageenan on laboratory confirmed covid-19 (52 fewer per 1000, 58 fewer to 37 fewer), ivermectin alone on laboratory confirmed infection (50 fewer per 1000, 59 fewer to 16 fewer) and suspected, probable, or laboratory confirmed infection (159 fewer per 1000, 165 fewer to 144 fewer) remain very uncertain. Conclusions Hydroxychloroquine prophylaxis has trivial to no effect on hospital admission and mortality, probably increases adverse effects, and probably does not reduce the risk of SARS-CoV-2 infection. Because of serious risk of bias and very serious imprecision, it is highly uncertain whether ivermectin combined with iota-carrageenan and ivermectin alone reduce the risk of SARS-CoV-2 infection. Systematic review registration This review was not registered. The protocol established a priori is included as a supplement. Readers' note This article is a living systematic review that will be updated to reflect emerging evidence. Updates may occur for up to two years from the date of original publication. Copyright ©",Excluded,,,,,,,,,,
Prioritization of Anti-SARS-Cov-2 Drug Repurposing Opportunities Based on Plasma and Target Site Concentrations Derived from their Established Human Pharmacokinetics,"There is a rapidly expanding literature on the in vitro antiviral activity of drugs that may be repurposed for therapy or chemoprophylaxis against severe acute respiratory syndrome-coronavirus 2 (SARS-CoV-2). However, this has not been accompanied by a comprehensive evaluation of the target plasma and lung concentrations of these drugs following approved dosing in humans. Accordingly, concentration 90% (EC<inf>90</inf>) values recalculated from in vitro anti-SARS-CoV-2 activity data was expressed as a ratio to the achievable maximum plasma concentration (C<inf>max</inf>) at an approved dose in humans (C<inf>max</inf>/EC<inf>90</inf> ratio). Only 14 of the 56 analyzed drugs achieved a C<inf>max</inf>/EC<inf>90</inf> ratio above 1. A more in-depth assessment demonstrated that only nitazoxanide, nelfinavir, tipranavir (ritonavir-boosted), and sulfadoxine achieved plasma concentrations above their reported anti-SARS-CoV-2 activity across their entire approved dosing interval. An unbound lung to plasma tissue partition coefficient (K<inf>p</inf>U<inf>lung</inf>) was also simulated to derive a lung C<inf>max</inf>/half-maximal effective concentration (EC<inf>50</inf>) as a better indicator of potential human efficacy. Hydroxychloroquine, chloroquine, mefloquine, atazanavir (ritonavir-boosted), tipranavir (ritonavir-boosted), ivermectin, azithromycin, and lopinavir (ritonavir-boosted) were all predicted to achieve lung concentrations over 10-fold higher than their reported EC<inf>50</inf>. Nitazoxanide and sulfadoxine also exceeded their reported EC<inf>50</inf> by 7.8-fold and 1.5-fold in lung, respectively. This analysis may be used to select potential candidates for further clinical testing, while deprioritizing compounds unlikely to attain target concentrations for antiviral activity. Future studies should focus on EC<inf>90</inf> values and discuss findings in the context of achievable exposures in humans, especially within target compartments, such as the lungs, in order to maximize the potential for success of proposed human clinical trials. Copyright © 2020 The Authors. Clinical Pharmacology & Therapeutics published by Wiley Periodicals LLC on behalf of American Society for Clinical Pharmacology and Therapeutics.",Excluded,,,,,,,,,,
Prices of essential drugs for management and treatment of COVID-19 in public and private Peruvian pharmacies. [Spanish],"Objective: to compare the sale price of essential drugs used in the management and therapy of COVID-19 in public and private pharmacies in Peru. Also, to assess the cost per person of drug therapy for both mild and severe cases. Material(s) and Method(s): this is a cross-sectional study using data reported by public and private pharmacies in Peru. Drug prices are presented as median values and they were compared using the non-parametric Kruskal-Wallis test. Also, costs per person and drug accessibility for treating mild and moderate cases were estimated. Result(s): drugs used when treating mild cases of COVID-19, such as azythromycin, hydroxichloroquine, ivermectin, and paracetamol had median prices between S/0.04 (US$ 0.011) and S/23.81 (US$ 6.71) in public pharmacies, while the same compounds cost between S/1.00 (US$ 0.28) and S/36.00 (US$ 10.15) in private pharmacies. On average, drug prices in private pharmacies are 11 times higher compared to those in public pharmacies. Costs for (COVID-19) therapy in public pharmacies are more accessible compared to those found in private pharmacies, particularly for drugs used for more severely affected patients. Therapy regimens for mild cases require spending 1 to 4 days of the minimum daily wages, while therapy for severe cases (of COVID-19) may require up to 64 days of the minimum daily wages in private pharmacies. Conclusion(s): pharmacological treatment for COVID-19 represents an important expense for the public health system and for families through out-of-pocket expenses. It is urgent to design and implement regulatory measures aiming to improve the access to drug therapy (for Covid-19) in order to have drugs sold at accessible prices. Copyright © 2020 Colegio Medico del Peru. All rights reserved.",Excluded,,,,,,,,,,
"Prevalence, attitude and knowledge of self medication during covid-19 disease pandemic","Aim: To determine the prevalence, attitude, and knowledge of self-medication of general population for the prevention of coronavirus during the COVID 19 pandemic. Place and duration of the study: Major studies of Punjab during 2020. Methodology: A self-generated questionnaire was distributed online amongst the general population of Punjab excluding the people using medication for any other chronic medical disorder. The study included the general public including the age group from 16-60 years. Result(s): Among 290 participants, 33.7% were males and 66.3% were female. Based on the data obtained 53% used medication without a doctor's prescription (self- medication) while 46.7% took the medication with a doctor's prescription. Those with the habit of self-medication relied on both allopathic and herbal medications due to various reasons, the most frequent reason found was unavailability of doctors (27.8%). The most frequently used self-medicated drugs were pain killers, Hydroxychloroquinone, Azithromycin and Ivermectin to prevent from this deadly virus (p-value=0.000).Adverse effects reported after self-medications are statistically non-significant. Conclusion It is concluded that majority of the general population of Punjab are in the habit of self-medicating themselves because of difficulty in approaching physicians and the most commonly self-medicated drug with or without symptoms was found to be tablet Azithromycin as a preventive measure during this pandemic. Copyright © 2021 Lahore Medical And Dental College. All rights reserved.",Excluded,,,,,,,,,,
Prevalence of covid-19 infection and identification of risk factors among asymptomatic healthcare workers: A serosurvey involving multiple hospitals in west bengal,"Background: The declining trend of COVID-19 infection in India has made healthcare personnel (HCP) and general public lenient about personal-protective-measures. Serosurveys to estimate the prevalence of SARS-CoV2 IgG antibodies, particularly in high-risk-zones like hospitals can give the real scenario and risk-factors can help prioritise the target population for urgent, effective vacccination. Method(s): 1470 consecutive HCP from 4 tertiary-care-hospitals in Kolkata filled a questionnaire and were tested for serum SARS-CoV2-IgG by Enzyme-linked Immunosorbent Assay (ELISA). The prevalence of SARS-CoV2-IgG among asymptomatic HCPs was studied and the work environment, clinical comorbidities, personal habits and protective measures and pharmacologic prophylaxes were compared between those with and without SARS-CoV2-IgG. Parameters of asymptomatic seroconverters were also compared to those with personal history of COVID-19-Infection. Logistic regression was done to identify independent risk-factors. Result(s): Prevalence of asymptomatic seroconversion was 15.8%. Asymptomatic seroconverters (n=208) were mostly working in mixed hospitals (having both COVID-19 and non-COVID-19 wards, 57.7%), were non-doctors by profession (nurses-25.1%, others-51.4%). Among asymptomatic HCP, indepedendent positive risk factors for SARS-CoV2 IgG-positivity were Diabetes Mellitus (DM) and multiple comorbidities (p<inf>both</inf> <0.001) and prophylactic use of Hydroxychloroquine and Famotidine (p<inf>both</inf> < 0.03). However, for symptomatic COVID-19 infection, working in COVID-19 dedicated hospitals, and personal h/o COPD were positive risk-factors and Ivermectin prophylaxis a negative risk-factor (p<inf>all</inf> < 0.03). Conclusion(s):In our study conducted i n the i mmedi ate pre-i mmuni sati on peri od, rate of asymptomati c seroconversion among HCPs is too low to presume herd immunity. Those working in mixed hospitals and DM, multiple comorbidities are at particularly high risk. Copyright © 2021, Indian Medical Association. All rights reserved.",Excluded,,,,,,,,,,
Prediction of potential inhibitors for RNA-dependent RNA polymerase of SARS-CoV-2 using comprehensive drug repurposing and molecular docking approach,"The pandemic prevalence of COVID-19 has become a very serious global health issue. Scientists all over the world have been seriously attempting in the discovery of a drug to combat SARS-CoV-2. It has been found that RNA-dependent RNA polymerase (RdRp) plays a crucial role in SARS-CoV-2 replication, and thus could be a potential drug target. Here, comprehensive computational approaches including drug repurposing and molecular docking were employed to predict an effective drug candidate targeting RdRp of SARS-CoV-2. This study revealed that Rifabutin, Rifapentine, Fidaxomicin, 7-methyl-guanosine-5'-triphosphate-5'-guanosine and Ivermectin have a potential inhibitory interaction with RdRp of SARS-CoV-2 and could be effective drugs for COVID-19. In addition, virtual screening of the compounds from ZINC database also allowed the prediction of two compounds (ZINC09128258 and ZINC09883305) with pharmacophore features that interact effectively with RdRp of SARS-CoV-2, indicating their potentiality as effective inhibitors of the enzyme. Furthermore, ADME analysis along with analysis of toxicity was also undertaken to check the pharmacokinetics and drug-likeness properties of the two compounds. Comparative structural analysis of protein-inhibitor complexes revealed that the amino acids Y32, K47, Y122, Y129, H133, N138, D140, T141, S709 and N781 are crucial for drug surface hotspot in the RdRp of SARS-CoV-2. Copyright © 2020 Elsevier B.V.",Excluded,,,,,,,,,,
Potential use of ivermectin for the treatment and prophylaxis of SARS-CoV-2 infection,"Purpose of the study: Currently no treatment has been proven to be efficacious for patients with early symptoms of COVID-19. Although most patients present mild or moderate symptoms, up to 5-10% may have a poor disease progression, so there is an urgent need for effective drugs, which can be administered even before the onset of severe symptoms, i.e. when the course of the disease is modifiable. Recently, promising results of several studies on oral ivermectin have been published, which has prompted us to conduct the present review of the scientific literature. Method(s): A narrative review has been carried out, focusing on the following four main topics: a) short-term efficacy in the treatment of the disease, b) long-term efficacy in the treatment of patients with post-acute symptoms of COVID-19, c) efficacy in the prophylaxis of the disease, and c) safety of ivermectin. Result(s): The reviewed literature suggests that there seems to be sufficient evidence about the safety of oral ivermectin, as well as the efficacy of the drug in the early-treatment and the prophylaxis of COVID-19. Conclusion(s): In the view of the available evidence, the Frontline COVID-19 Critical Care Alliance (FLCCC) recommends the use of oral ivermectin for both prophylaxis and early-treatment of COVID-19. Further well-designed studies should be conducted in order to explore the efficacy and safety of invermectin at low and high doses, following different dosing schedules, in both, the short and long-term treatment. Copyright © 2021 Elsevier Masson SAS",Excluded,,,,,,,,,,
"Potential use of hydroxychloroquine, ivermectin and azithromycin drugs in fighting COVID-19: trends, scope and relevance","Alarming situation has been caused due to the emergence of COVID-19 infection around the world. There is an urgency of developing a therapeutic strategy in order to control the spread of COVID-19. Towards that initiative, potential drugs like hydroxychloroquine, ivermectin and azithromycin have been tested by diverse group of researchers worldwide for their potential against novel coronavirus. The present report presents together the comprehensive knowledge derived from the major researches about the above drugs altogether in context of the current health emergency around the world. Hydroxychloroquine and ivermectin were known to act by creating the acidic environment and inhibiting the importin (IMPalpha/beta1) mediated viral import. Azithromycin was found to act similar to the hydroxychloroquine as an acidotropic lipophilic weak base. All the three categories of drugs seemed to potentially act against novel coronavirus infection. However, their efficacies need to be studied in detail individually and in combination in-vivo in order to combat COVID-19 infection. Copyright © 2020",Excluded,,,,,,,,,,
Potential of CRISPR/Cas13 System in Treatment and Diagnosis of COVID-19,"The novel coronavirus disease 2019 (COVID-19) belongs to coronaviridae families like sarbecovirus (SARS), and causes pyrexia, pertussis, and acute respiratory distress syndrome (ARDS) in major. Started from Wuhan, China, COVID-19 now forced the World Health Organization (WHO) call it a global pandemic. These dreadful figures elevate the need for rapid action for a rapid diagnostic tool, an efficacious therapy, or vaccine for such widespread disease. In this article, we reviewed all the latest research and trials including conventional antiviral medicines that have a narrow and finite effect on COVID-19. Recently, some advances were made by a nucleotide/nucleoside analogues (NUC) inhibitor (remdesivir), ivermectin (antiparasitic drug), and convalescent plasma; the later one has more recently been approved by the Food and Drug Administration (FDA). Additionally, a clinical-grade soluble human angiotensin-converting enzyme (ACE2), named hrsACE2, was able to inhibit the infection of human blood vessel organoids, as well as the human kidney organoids, by the virus. As of now, innovative therapeutics based on the CRISPR/Cas13d might overcome the challenge of COVID-19 either as a treatment option or precise and rapid diagnostic tool due to its rapid and precise nature. In this updated comprehensive rapid review, we tried to cover all recent findings in terms of genomics, diagnosis, prevention, and treatment.",Excluded,,,,,,,,,,
"Potential Drugs for the Treatment of COVID-19: Synthesis, Brief History and Application","Coronaviruses (CoVs) belonging to the Betacoronavirus group, an unusually large RNA genome, are characterized by club-like spikes that project from their surface. An outbreak of a novel coronavirus 2019 (nCOVID-19) showing a unique replication strategy and infection has posed a significant threat to international health and the economy around the globe. Scientists around the world are investigating few previously used clinical drugs for the treatment of COVID-19. This review provides synthesis and mode of action of recently investigated drugs like Chloroquine, Hydroxychloroquine, Ivermectin, Selamectin, Remdesivir, Baricitinib, Darunavir, Favipiravir, Lopinavir/ritonavir and Mefloquine hydrochloride that constitute an option for COVID-19 treatment. Copyright© Bentham Science Publishers; For any queries, please email at epub@benthamscience.net.",Excluded,,,,,,,,,,
Potential drug candidates for treatment of Covid-19,"The late December of 2019 witnessed an outbreak of viral pneumonia of unknown etiology (VPUE) in the Wuhan city of Hubei province, China. Later it was identified as a novel strain of beta-genus Coronavirus, which is similar to the Severe Acute Respiratory Syndrome (SARS) virus, which was a global pandemic during 2002-03. This novel coronavirus is rapidly spreading with an R0 of 2 and has an incubation period of 2-14 days. It spreads through human-to-human transmission and by fomites (articles and surfaces contaminated by affected persons). The World Health Organization acted immediately to prevent the spread of the virus by declaring it as a Public Health Emergency of International Concern (PHEIC). It has been declared as a pandemic, and several sets of guidelines have been issued by WHO, including social distancing norms and hygiene practices yet, this novel coronavirus continues to spread at an alarming rate leading to many fatalities across the globe. Since this novel coronavirus shares similar characteristics with other coronaviruses, some of the known treatment options can be reused in the treatment of this novel coronavirus. As of now, no vaccine has been approved for the prevention of this rapidly spreading novel coronavirus. Hence, the management of affected persons with the available treatment options becomes indispensable. This article briefs about the treatment options available, which include antiviral drugs like Remdesivir, Ribavarin, anti-retroviral drugs like Lopinavir and Ritonavir, antimalarial drugs like Chloroquine and Hydroxychloroquine, Tocilizumab, Ivermectin, and also traditional medicine. Copyright All © 2013 are reserved by the International Journal of Pharmaceutical Sciences and Research.",Excluded,,,,,,,,,,
Positive impact of oral hydroxychloroquine and povidone-iodine throat spray for COVID-19 prophylaxis: An open-label randomized trial,"Background: We examined whether existing licensed pharmacotherapies could reduce the spread of coronavirus disease 2019 (COVID-19). Method(s): An open-label parallel randomized controlled trial was performed among healthy migrant workers quarantined in a large multi-storey dormitory in Singapore. Forty clusters (each defined as individual floors of the dormitory) were randomly assigned to receive a 42-day prophylaxis regimen of either oral hydroxychloroquine (400 mg once, followed by 200 mg/day), oral ivermectin (12 mg once), povidone-iodine throat spray (3 times/day, 270 mug/day), oral zinc (80 mg/day)/vitamin C (500 mg/day) combination, or oral vitamin C, 500 mg/day. The primary outcome was laboratory evidence of SARS-CoV-2 infection as shown by either: (1) a positive serologic test for SARS-CoV-2 antibody on day 42, or (2) a positive PCR test for SARS-CoV-2 at any time between baseline and day 42. Result(s): A total of 3037 asymptomatic participants (mean age, 33.0 years; all men) who were seronegative to SARS-CoV-2 at baseline were included in the primary analysis. Follow-up was nearly complete (99.6%). Compared with vitamin C, significant absolute risk reductions (%, 98.75% confidence interval) were observed for oral hydroxychloroquine (21%, 2-42%) and povidone-iodine throat spray (24%, 7-39%). No statistically significant differences were observed with oral zinc/vitamin C combination (23%, -5 to +41%) and ivermectin (5%, -10 to +22%). Interruptions due to side effects were highest among participants who received zinc/vitamin C combination (6.9%), followed by vitamin C (4.7%), povidone-iodine (2.0%), and hydroxychloroquine (0.7%). Conclusion(s): Chemoprophylaxis with either oral hydroxychloroquine or povidone-iodine throat spray was superior to oral vitamin C in reducing SARS-CoV-2 infection in young and healthy men. Copyright © 2021 The Author(s)",Included,,,,,,,,,,
Pitfalls in Reporting Sample Size Calculation Across Randomized Controlled Trials Involving Ivermectin for the treatment of COVID-19,,Excluded,,,,,,,,,,
Phytochemical to interact with nls binding site on ima3 to inhibit importin A/B1 mediated nuclear import of SARS-COV-2 cargo,"Objective: Ivermectin is an FDA-approved, broad-spectrum anti-parasitic agent. It was originally identified as an inhibitor of interaction between the human 29 immunodeficiency virus-1 (HIV-1) integrase protein (IN) and the Importin (IMP) alpha/beta1 30 heterodimers, which are responsible for IN nuclear import. Recent studies demonstrate that ivermectin is worthy of further consideration as a possible SARS-CoV-2 antiviral. Method(s): We built the pathogen-host interactome and analyzed it using PHISTO. We compared Ivermectin and plant molecules for their interaction with Importin alpha3 (IMA3) using molecular docking studies. Result(s): A phytochemical ATRI001 with the lowest binding energy-7.290 Kcal/mol was found to be superior to Ivermectin with binding energy-4.946 Kcal/mol. Conclusion(s): ATRI001 may be a potential anti-SARS-CoV-2 agent; however, it requires clinical evaluation. Copyright © 2020 The Authors.",Excluded,,,,,,,,,,
"Phase 2 randomized study on chloroquine, hydroxychloroquine or ivermectin in hospitalized patients with severe manifestations of SARS-CoV-2 infection","Objective: Given the urgent need for strategies to minimize the damage caused by this pandemic, this study performed a randomized, double-blind phase 2 study to assess the safety of the effectiveness of chloroquine (CQ), hydroxychloroquine (HCQ) or ivermectin in severe forms of COVID-19, in addition to identifying predictors of mortality in this group of patients. Method(s): Phase 2, double-blind, randomized study to assess the safety and efficacy of enteral CQ, HCQ or ivermectin in patients hospitalized for SARS-CoV-2 infection, admitted to a Reference Hospital in Roraima (Brazil) in may 2020. Patients were randomized in a 1:1:1 ratio. The endpoints were need of supplemental O<inf>2</inf>, invasive ventilation, admission in ICU and death. The study was approved by an independent IRB. Result(s): 168 patients were randomized. The mean age was 53.4 years (+/-15.6), most participants were male (n = 95; 58.2%). Therapy with corticosteroid, anticoagulant or antibiotics was a decision of the attending physicians, and there was no difference between the groups. The mortality was similar in three groups (22.2%; 21.3% and 23.0%) suggesting ineffectiveness of the drugs. No difference in the incidence of serious adverse events were observed. To be older than 60 years of age, obesity, diabetes, extensive pulmonary involvement and low SaO<inf>2</inf> at hospital admission due to independent risk factors for mortality. Conclusion(s): Although CQ, HCQ or ivermectin revealed a favorable safety profile, the tested drugs do not reduce the need for supplemental oxygen, ICU admission, invasive ventilation or death, in patients hospitalized with a severe form of COVID-19. Copyright © 2021 Informa UK Limited, trading as Taylor & Francis Group.",Excluded,,,,,,,,,,
Pharmacotherapy in sars cov 2 infection in children - a review,"The pharmacotherapy in SARS CoV has been a challenge with respect to pediatric SARS CoV 2 infection. The guidelines evolve each day, however there are limited number of studies and trials in children regarding the drugs available, their dosage and their safety profiles. This review article details the drugs that have been tried against SARS CoV 2 infection from a pediatric perspective. The drugs have been classified into 3 main groups: (i) Drugs with antiviral activity like remedesvir, ivermectin and ribavirin that directly act on the virus affecting viral entry, assembly and replication.(ii) Drugs that are immunomodulators like anakinra and interferons which act upon the immune system to modulate the immune response to the virus (iii) Drugs that mitigate the complications like immunoglobulins, glucocorticoids and anticoagulants like aspirin which act at the cytokine release and in treatment of complications like Pediatric Multisystem Inflammatory Syndrome. Pediatric weight loused dosage and safety profiles have been established in other conditions and are being explored in SARS CoV2 infection in these drugs and many drugs are still to establish pediatric doses. (iv) Drugs that have been tried earlier were hydroxychloroquine, lopinavir/ritonavir and azithromycin but have not shown any therapeutic benefit over the course of the pandemic. With the SARS CoV 2 global pandemic causing varied clinical pictures and outcomes in children, that differ from adults, knowledge of the drugs that can be used in children, their safety profile and their dosage is imperative and will guide the way in the future management of pediatric SARS CoV 2 infection. Copyright © 2021, Pakistan Pediatric Journal. All rights reserved.",Excluded,,,,,,,,,,
Pharmacological treatment of patients with mild to moderate COVID-19: A comprehensive review,"Mild to moderate COVID-19 can be found in about 80% of patients. Although mortality is low, mild to moderate COVID-19 may progress to severe or even critical stages in about one week. This poses a substantial burden on the health care system, and ultimately culminates in death or incapacitation and hospitalization. Therefore, pharmacological treatment is paramount for patients with this condition, especially those with recognized risk factors to disease progression. We con-ducted a comprehensive review in the medical literature searching for randomized studies carried out in patients with mild to moderate COVID-19. A total of 14 randomized studies were identified, enrolling a total of 6848 patients. Nine studies (64%) were randomized, placebo-controlled trials, whereas five were open-label randomized trials (35%). We observed that Bamlanivimab and nita-zoxanide reduced viral load, whereas ivermectin may have shortened time to viral clearance; Interferon Beta-1 reduced time to viral clearance and vitamin D reduced viral load; Favirapir, peginter-feron, and levamisole improved clinical symptoms, whereas fluvoxamine halted disease progres-sion; inhaled budesonide reduced the number of hospitalizations and visits to emergency depart-ments; colchicine reduced the number of deaths and hospitalizations. Collectively, therefore, these findings show that treatment of early COVID-19 may be associated with reduced viral load, thus potentially decreasing disease spread in the community. Moreover, treatment of patients with mild to moderate COVID-19 may also be associated with improved clinical symptoms, hospitalization, and disease progression. We suggest that colchicine, inhaled budesonide, and nitazoxanide, along with nonpharmacological measures, based on efficacy and costs, may be used to mitigate the effects of the COVID-19 pandemic in middle-income countries. Copyright © 2021 by the authors. Licensee MDPI, Basel, Switzerland.",Excluded,,,,,,,,,,
Pharmacokinetic considerations on the repurposing of ivermectin for treatment of COVID-19,,Excluded,,,,,,,,,,
Pharmacogenomics and COVID-19: clinical implications of human genome interactions with repurposed drugs,"The outbreak of Coronavirus disease 2019 (COVID-19) has evolved into an emergent global pandemic. Many drugs without established efficacy are being used to treat COVID-19 patients either as an offlabel/compassionate use or as a clinical trial. Although drug repurposing is an attractive approach with reduced time and cost, there is a need to make predictions on success before the start of therapy. For the optimum use of these repurposed drugs, many factors should be considered such as drug-gene or dug-drug interactions, drug toxicity, and patient co-morbidity. There is limited data on the pharmacogenomics of these agents and this may constitute an obstacle for successful COVID-19 therapy. This article reviewed the available human genome interactions with some promising repurposed drugs for COVID-19 management. These drugs include chloroquine (CQ), hydroxychloroquine (HCQ), azithromycin, lopinavir/ritonavir (LPV/r), atazanavir (ATV), favipiravir (FVP), nevirapine (NVP), efavirenz (EFV), oseltamivir, remdesivir, anakinra, tocilizumab (TCZ), eculizumab, heme oxygenase 1 (HO-1) regulators, renin-angiotensin-aldosterone system (RAAS) inhibitors, ivermectin, and nitazoxanide. Drug-gene variant pairs that may alter the therapeutic outcomes in COVID-19 patients are presented. The major drug variant pairs that associated with variations in clinical efficacy include CQ/HCQ (CYP2C8, CYP2D6, ACE2, and HO-1); azithromycin (ABCB1); LPV/r (SLCO1B1, ABCB1, ABCC2 and CYP3A); NVP (ABCC10); oseltamivir (CES1 and ABCB1); remdesivir (CYP2C8, CYP2D6, CYP3A4, and OATP1B1); anakinra (IL-1a); and TCZ (IL6R and FCGR3A). The major drug variant pairs that associated with variations in adverse effects include CQ/HCQ (G6PD; hemolysis and ABCA4; retinopathy), ATV (MDR1 and UGT1A1*28; hyperbilirubinemia; and APOA5; dyslipidemia), NVP (HLA-DRB1*01, HLA-B*3505 and CYP2B6; skin rash and MDR1; hepatotoxicity), and EFV (CYP2B6; depression and suicidal tendencies). Copyright © 2021, The Author(s), under exclusive licence to Springer Nature Limited part of Springer Nature.",Excluded,,,,,,,,,,
Pharmacogenetics approach for the improvement of covid-19 treatment,"The treatment of coronavirus disease 2019 (COVID-19) has been a challenge. The efficacy of several drugs has been evaluated and variability in drug response has been observed. Pharma-cogenetics could explain this variation and improve patients' outcomes with this complex disease; nevertheless, several disease-related issues must be carefully reviewed in the pharmacogenetic study of COVID-19 treatment. We aimed to describe the pharmacogenetic variants reported for drugs used for COVID-19 treatment (remdesivir, oseltamivir, lopinavir, ritonavir, azithromycin, chloroquine, hydroxychloroquine, ivermectin, and dexamethasone). In addition, other factors relevant to the design of pharmacogenetic studies were mentioned. Variants in CYP3A4, CYP3A5, CYP2C8, CY2D6, ABCB1, ABCC2, and SLCO1B1, among other variants, could be included in pharmacogenetic studies of COVID-19 treatment. Besides, nongenetic factors such as drug-drug interactions and inflammation should be considered in the search for personalized therapy of COVID-19. Copyright © 2021 by the authors. Licensee MDPI, Basel, Switzerland.",Excluded,,,,,,,,,,
Pediatric inflammatory multisystem syndrome associated with COVID-19: A report of 10 cases in a Peruvian hospital,"Pediatric inflammatory multisystem syndrome temporally associated with COVID-19 is a potentially severe and rare condition that still needs a better understanding to guide its management. Reports worldwide, and especially in Latin America, are still scarce. This report presents ten cases of pediatric inflammatory multisystem syndrome temporally associated with COVID-19 in children between 2 and 12 years old treated in a Peruvian hospital, diagnosed using the Centers for Disease Control and Prevention criteria. Severe acute respiratory syndrome coronavirus 2 was detected through serological tests (immunoglobulin M or G). Most had gastrointestinal symptoms. Therapeutics consisted mainly of intravenous immunoglobulin, corticosteroids, ivermectin, hydroxychloroquine, digoxin, and antibiotic therapy. Three patients underwent mechanical ventilation; no mortality occurred in this case series. In conclusion, the manifestations presented here are similar to those reported in the literature. A timely diagnosis is necessary for proper management.",Excluded,,,,,,,,,,
Pathophysiology and Potential Therapeutic Candidates for COVID-19: A Poorly Understood Arena,"Coronavirus disease 2019 (COVID-19), an acute onset pneumonia caused by a novel Betacoronavirus, severe acute respiratory syndrome coronavirus 2 (SARS-CoV-2), emerged in the Wuhan City of China in December 2019 and evolved into a global pandemic. To date, there are no proven drugs or vaccines against this virus. Hence, the situation demands an urgent need to explore all potential therapeutic strategies that can be made available to prevent the disease progression and improve patient outcomes. In absence of clinically proven treatment guidelines, several repurposed drugs and investigational agents are currently being evaluated in clinical trials for their probable benefits in the treatment of COVID-19. These include antivirals (remdesivir, lopinavir/ritonavir, umifenovir, and favipiravir), interferon, antimalarials (chloroquine/hydroxychloroquine), antiparasitic drugs (ivermectin and nitazoxanide), biologics (monoclonal antibodies and interleukin receptor antagonist), cellular therapies (mesenchymal stem cells and natural killer cells), convalescent plasma, and cytokine adsorber. Though several observational studies have claimed many of these agents to be effective based on their in vitro activities and extrapolated evidence from SARS and Middle East respiratory syndrome (MERS) epidemics, the currently available data remains inconclusive because of ill-defined patient selection criteria, small sample size, lack of concurrent controls, and use of intermediary outcomes instead of patient-relevant outcomes. Moreover, there is a need to clearly define the patient populations who warrant therapy and also the timing of initiation of treatment. Understanding the disease pathology responsible for the clinical manifestations of COVID-19 is imperative to identify the potential targets for drug development. This review explains the pathophysiology of COVID-19 and summarizes the potential treatment candidates, which can provide guidance in developing effective therapeutic strategies. © Copyright © 2020 Samaddar, Grover and Nag.",Excluded,,,,,,,,,,
"Pathomechanisms, therapeutic targets and potent inhibitors of some beta-coronaviruses from bench-to-bedside","Since the emergence of their primitive strains, the complexity surrounding their pathogenesis, constant genetic mutation and translation are contributing factors to the scarcity of a successful vaccine for coronaviruses till moment. Although, the recent announcement of vaccine breakthrough for COVID-19 renews the hope, however, there remains a major challenge of accessibility to urgently match the rapid global therapeutic demand for curtailing the pandemic, thereby creating an impetus for further search. The reassessment of results from a stream of experiments is of enormous importance in identifying bona fide lead-like candidates to fulfil this quest. This review comprehensively highlights the common pathomechanisms and pharmacological targets of HCoV-OC43, SARS-CoV-1, MERS-CoV and SARS-CoV-2, and potent therapeutic potentials from basic and clinical experimental investigations. The implicated targets for the prevention and treatment include the viral proteases (M<sup>pro</sup>, PL<sup>pro</sup>, 3CL<sup>pro</sup>), viral structural proteins (S- and N-proteins), non-structural proteins (nsp 3, 8, 10, 14, 16), accessory protein (ns12.9), viroporins (3a, E, 8a), enzymes (RdRp, TMPRSS2, ADP-ribosyltransferase, MTase, 2'-O-MTase, TATase, furin, cathepsin, deamidated human triosephosphate isomerase), kinases (MAPK, ERK, PI3K, mTOR, AKT, Abl2), interleukin-6 receptor (IL-6R) and the human host receptor, ACE2. Notably among the 109 overviewed inhibitors include quercetin, eriodictyol, baicalin, luteolin, melatonin, resveratrol and berberine from natural products, GC373, NP164 and HR2P-M2 from peptides, 5F9, m336 and MERS-GD27 from specific human antibodies, imatinib, remdesivir, ivermectin, chloroquine, hydroxychloroquine, nafamostat, interferon-beta and HCQ from repurposing libraries, some iron chelators and traditional medicines. This review represents a model for further translational studies for effective anti-CoV therapeutic designs. Copyright © 2021 Elsevier B.V.",Excluded,,,,,,,,,,
Pandemic COVID-19: Current status and challenges of antiviral therapies,"The pandemic COVID-19, caused by a new coronavirus SARS-CoV-2 infection, has infected over 12 million individuals and caused more than 55,200 death worldwide. Currently, there is no specific drug to treating this disease. Here we summarized the mechanisms of antiviral therapies and the clinic findings from different countries. Antiviral chemotherapies have been conducted by in multiple cohorts in different counties. Although FDA has fast approved remdesivir for treating COVID-19, it only speeds up recovery from COVID-19 with mildly reduced mortality. The chloroquine was suggested a potential drug against SARS-CoV-2 infection due to its in vitro antiviral effects, it is imperative high-quality data from worldwide clinical trials are necessitated for an approved therapy. In terms of hydroxychloroquine (HCQ) therapy, although WHO has stopped all the clinic trials due to its strong side-effects in COVID patients, large scale clinical trials with a long-term outcome follow-up may warrant HCQ and azithromycin combination in combating the virus. Convalescent plasma (CP) therapy suggested its safety use in SARS-CoV-2 infection; but both CP immunotherapy and NK cellular therapy must be manufactured and utilized according to scrupulous ethical and controlled conditions to guarantee a possible role of these products of human origin. Further research should be conducted to define the exact mechanism of SARS-CoV-2 pathogenesis, suitable animal models or ex vivo human lung tissues aid in studying replication, transmission and spread of the novel viruses, thereby facilitating highly effective therapies. Copyright © 2020 Chongqing Medical University",Excluded,,,,,,,,,,
An overview on COVID-19: reality and expectation,"Recently, severe acute respiratory syndrome coronavirus 2 (SARS-COV-2), commonly known as coronavirus disease-2019 (COVID-19) has rapidly spread across China and around the world. By the declaration of WHO, COVID-19 outbreak considered as a public health problem of international concern. The aim of this study is to provide a comprehensive view on COVID-19 and the future expectations to control virus progression. Patients with liver disease, diabetes, high blood pressure, and obesity are more susceptible to the incidence of COVID-19 infection. So, there is a rapid need for disease diagnosis, vaccine development, and drug discovery to detect, prevent, and treat this sudden and lethal virus. Real-time polymerase chain reaction (RT-PCR) is considered as a rapid, accurate, and specific tool for disease diagnosis. Under this emergency situation that the world facing against COVID-19, there are about 15 potential vaccine candidates tested globally based on messenger RNA, DNA-based, nanoparticle, synthetic, and modified virus-like particle. Certain drugs that are clinically approved for other diseases were tested against COVID-19 as chloroquine, hydroxychloroquine, ivermectin, favipiravir, ribavirin, and remdesivir. Convalescent plasma transfusion and traditional herbal medicine were also taken into consideration. Due to the absence of effective treatment or vaccines against COVID-19 so far, the precautionary measures according to WHO's strategic objectives are the only way to confront this crisis. Governments should adopt national medical care programs to reduce the risk of exposure to any future viral outbreaks especially to patients with pre-existing medical conditions.",Excluded,,,,,,,,,,
Overview of the First 6 Months of Clinical Trials for COVID-19 Pharmacotherapy: The Most Studied Drugs,"SARS-CoV-2 rapidly spread from China until it was defined a pandemic by WHO in March 2020. Related scientific papers have rapidly extended information regarding the diagnosis, treatment and epidemiology of COVID-19 infection. To date, no vaccine or definitive treatment is available to defeat the virus and therapies are mainly based on existing drugs used to treat other conditions. Existing therapies used in several clinical trials work by affecting the biology of COVID-19 and/or counteracting the harmful host excessive immune response. Here, we have reviewed 526 ongoing clinical trials for COVID-19 to provide a perspective on the first 6 months of global efforts to identify an effective therapy. The drugs most actively tested in various centers include hydroxychloroquine, ritonavir, azithromycin, tocilizumab, lopinavir chloroquine and ivermectin. Our analysis shows that most clinical trials focus on a small number of candidate drugs (namely hydroxychloroquine and chloroquine representing 25% of total clinical trials) while underestimating the potential of other promising drugs. A global coordination in clinical trial management could avoid duplications and increase the effectiveness of the response to the global challenge.",Excluded,,,,,,,,,,
Oral ivermectin for a scabies outbreak in a long-term care facility: potential value in preventing COVID-19 and associated mortality,,Excluded,,,,,,,,,,
Optimizing clinical approaches to COVID-19 patients in primary care,"There is insufficient evidence from medical studies for clinical approaches to patients with COVID-19 in primary care. Patients often urge the therapeutic use and preventive administration of various medicines, often controlled by studies insufficiently or completely unverified. The aim of the project, commissioned by the Committee of the Society of General Practice of the Czech Medical Association JEP, was to compensate for this deficiency by interdisciplinary consensus and thus provide general practitioners (GPs) with a basic support in accessing patients with COVID-19. Representatives of GPs identified the most common questionable diagnostic or therapeutic approaches and formulated 17 theses, taking into account their own experience, existing Czech and foreign professional recommendations. The RAND/UCLA Appropriateness Method, modified for the needs of pandemic situation, was chosen to seek consensus. Representatives of 7 medical specialties accepted the participation in the 20-member panel. The panel evaluated in 2 rounds, with the comments and opinions of others available to all panelists before the second round. The outcome of the evaluation was agreement on 10 theses addressing the administration of vitamin D, inhaled corticosteroids in patients with COPD and bronchial asthma, acetylsalicylic acid, indications for D-dimer levels examination, preventive administration of LMWH, importance of pulse oximetry, indication for emergency services, indication for antibiotics and rules for distant contact. The panel disagreed on 6 theses recommending the administration of ivermectin, isoprinosine, colchicine and corticosteroids in patients with COVID-19 in primary care. One thesis, taking into account the use of D-dimers in primary care was evaluated as uncertain. The most discussed theses, on which there was also no agreement, were outpatient administration of corticosteroids and the importance of elevation of D-dimers levels or their dynamic increase in a symptomatic patient with COVID-19 as an indication for referral to hospital. The results of the consensus identified topics that need to be further discussed and on which it is appropriate to focus further research.",Excluded,,,,,,,,,,
Old and re-purposed drugs for the treatment of COVID-19,"Introduction: The coronavirus disease 2019 (COVID-19) caused by the novel severe acute respiratory syndrome coronavirus 2 (SARS-CoV-2) has developed since December 2019. It has caused a global pandemic with more than three hundred thousand case fatalities. However, apart from supportive care by respirators, no standard medical therapy is validated. Areas covered: This paper presents old drugs with potential in vitro efficacy against SARS-CoV-2. The in vitro database, adverse effects, and potential toxicities of these drugs are reviewed regarding their feasibility of clinical prescription for the treatment of patients with COVID-19. To obtain convincing recommendations, we referred to opinions from the US National Institute of Health regarding drugs repurposed for COVID-19 therapy. Expert opinion: Although strong evidence of well-designed randomized controlled studies regarding COVID-19 therapy is presently lacking, remdesivir, teicoplanin, hydroxychloroquine (not in combination with azithromycin), and ivermectin might be effective antiviral drugs and are deemed promising candidates for controlling SARS-CoV-2. In addition, tocilizumab might be considered as the supplementary treatment for COVID-19 patients with cytokine release syndrome. In future, clinical trials regarding a combination of potentially effective drugs against SARS-CoV-2 need to be conducted to establish the optimal regimen for the treatment of patients with moderate-to-severe COVID-19. Copyright © 2020 Informa UK Limited, trading as Taylor & Francis Group.",Excluded,,,,,,,,,,
"Off label, compassionate and irrational use of medicines in Covid-19 pandemic, health consequences and ethical issues","When Covid-19 emerged in December last year, there was no vaccine nor was there specific effective treatment for this fast-spreading and life-threatening viral respiratory infection. Clinical trials were planned and are in progress to investigate whether drugs used for influenza, HIV and other viruses, and also anthelmintics (ivermectin, nitazoxanide, niclosamide), and antimalarials (chloroquine, hydroxychloroquine) showing antiviral activity in in vitro assays, are effective and safe for Covid-19. So far there is no convincing evidence that these antiviral and antiparasitic drugs are of any benefit for Covid-19. Notwithsanding the absence of evidence of clinical efficacy, these drugs are widely used outside of clinical trials (off label) for prophylaxis and treatment of this viral infection. The rationale behind the prescription of macrolide antibiotics (azithromycin) for Covid-19 is obscure as well. The widespread prescription and use of drugs of unproven efficacy and safety for Covid-19 is at odds with the rational use of medicines, a cornerstone principle of pharmacotherapy advanced by WHO in 1985. This irrational use of drugs is cause for concern because some of them are associated with serious heart disorders and deaths.",Excluded,,,,,,,,,,
Novel SARS-CoV-2 and COVID-2019 outbreak: Current perspectives on plant-based antiviral agents and complementary therapy,"The Severe Acute Respiratory Syndrome Coronavirus 2 (SARS-CoV-2) caused the novel Corona Virus Disease 2019 (COVID-19), which has been defined as a pandemic by the World Health Organization (WHO) in 2020. The rapid global spread of SARS-CoV-2 virus as a global health emergency has emphasized to findeffective treatment strategies in clinical trials. The several drug trials including Lopinavir (LPV) and Ritonavir, Chloroquine (CLQ), Hydroxychloroquine, Favipiravir (FPV), Remdevisir (RDV), Nitazoxanide, Ivermectin and Interferon, have been explored in COVID-19 patients and some of the drugs have been waiting clinical approval for their anti-SARS-CoV-2 activities. Clinical trials are still ongoing to discover promising new multidrug combination treatment for COVID-19 patients. Considering the difficulties to ascertain efficient drug candidates and the lack of specific anti-viral therapies against COVID-19 outbreak, the current management of SARS-CoV-2 should mainly be supportive. From this point of view, enhancing the immune system through medicinal plants with wide range of bioactive compounds, which exhibit antiviral activities, can play significant roles to increase defense barrier in COVID-19 patients. On the other hand, plant-based agents as complementary and alternative therapies have potential advantages to reduce symptoms of this life-threatening disease and could promote the public health. Recently, there has been a remarkable progress in the field of antiviral herbal therapy owing to increasing concerns about the development of drug resistance and limited advances in the field of antiviral drug discovery. This review provides an overview of published information onbiology, genomic structure, replication cycle and pathogenesis of SARS-CoV-2. It also aims to assemble the fact and a scientific intellectual groundwork on development of antiviral herbal therapy on the bases of extensive literature collection. Copyright © 2020, Association of Pharmaceutical Teachers of India. All rights reserved.",Excluded,,,,,,,,,,
Non-recommended medical interventions and their possible harm in patients with COVID-19,,Excluded,,,,,,,,,,
Nitazoxanide/azithromycin combination for COVID-19: A suggested new protocol for early management,"Azithromycin has been shown to have a clinical efficacy against severe acute respiratory syndrome coronavirus 2; ivermectin has also demonstrated a remarkable experimental efficacy with a potential to be used for Coronavirus disease 2019. Further, BCG vaccination is being considered for clinical trials aiming to test its potential for lowering COVID-19 morbidity and mortality. This article illustrates some structural and functional relationships that may gather these drugs and the author, basing on a combined pathophysiological and pharmacological approach, recommends the FDA-approved antidiarrhea drug; nitazoxanide, which has been previously suggested but unfortunately widely ignored, to be tested in combination with azithromycin for their potential activity against SARS CoV-2, soonest. The author also recommends testing their combined administration as early during the clinical course of COVID-19 as possible. Further, basing on the same represented concept, the author suggests more trials for interferons to be tested against SARS CoV-2, especially in severe and critical COVID-19 cases. Copyright © 2020 Elsevier Ltd",Excluded,,,,,,,,,,
"New onset ascites, abdominal pain, and eosinophilia in a patient treated with nivolumab for poorly differentiated lung adenocarcinoma","INTRODUCTION: Nivolumab, a monoclonal antibody immune checkpoint inhibitor (ICI) acting on PD-1, is an effective treatment for many malignancies. The augmentation of T cell immunity leads to its therapeutic effect, yet commonly causes immune-related adverse effects (irAE). ICI-induced diarrhea is frequently reported, while other gastrointestinal irAE are less well described. Here, we report a case of nivolumab-induced eosinophilia, ascites, and abdominal pain. CASE DESCRIPTION/METHODS: A 58-year-old man with a history of tobacco use and stage IIB lung adenocarcinoma status post partial lobectomy, adjuvant chemotherapy (platinum/pemetrexed), and nivolumab was admitted with 1 month of diffuse abdominal pain and distention, dyspnea, fatigue, and intermittent low-grade fevers. He had received 11 cycles of nivolumab over 9 months, but it was stopped 3 months before admission due to eosinophilia. On admission, temperature was 99.4 and he had mild sinus tachycardia. Initial labs were notable for WBC 22.6 (3.5% bands), absolute eosinophil count 1605 (peak 4563), and platelets 800. CT chest/abdomen/pelvis revealed hepatomegaly, new ascites, and bilateral pleural effusions. Paracentesis indicated inflammatory ascites (serum ascites albumin gradient 0.5). Infectious work-up was negative, including COVID-19 testing. ECHO showed normal cardiac function and small pericardial effusion. He received empiric antibiotics without improvement. EGD revealed mild diffuse duodenal lymphangiectasia. Duodenal biopsies showed patchy villous blunting with inflammatory infiltrate, including eosinophils within the lamina propria. After extensive work-up and multidisciplinary consultation, nivolumab-induced eosinophilia with serositis was diagnosed. Empiric high dose steroids (solumedrol) and ivermectin/ albendazole were given, though parasitic infection deemed unlikely. After symptoms improved, he was discharged on a prednisone taper. DISCUSSION: In this patient presenting with a constellation of symptoms, nivolumab-associated eosinophilia with serositis was the unifying diagnosis, causing the atypical GI symptoms of new ascites and abdominal pain. While rare, eosinophilia has been reported with ICI use (1). Thus, irAE must be considered in a patient with new GI symptoms after ICI therapy, as treatment with steroids and/or biologics may be indicated. (Figure Presented).",Excluded,,,,,,,,,,
A new advanced in silico drug discovery method for novel coronavirus (SARS-CoV-2) with tensor decomposition-based unsupervised feature extraction,"Background: COVID-19 is a critical pandemic that has affected human communities worldwide, and there is an urgent need to develop effective drugs. Although there are a large number of candidate drug compounds that may be useful for treating COVID-19, the evaluation of these drugs is time-consuming and costly. Thus, screening to identify potentially effective drugs prior to experimental validation is necessary. Method(s): In this study, we applied the recently proposed method tensor decomposition (TD)-based unsupervised feature extraction (FE) to gene expression profiles of multiple lung cancer cell lines infected with severe acute respiratory syndrome coronavirus 2. We identified drug candidate compounds that significantly altered the expression of the 163 genes selected by TD-based unsupervised FE. Result(s): Numerous drugs were successfully screened, including many known antiviral drug compounds such as C646, chelerythrine chloride, canertinib, BX-795, sorafenib, sorafenib, QL-X-138, radicicol, A-443654, CGP-60474, alvocidib, mitoxantrone, QL-XII-47, geldanamycin, fluticasone, atorvastatin, quercetin, motexafin gadolinium, trovafloxacin, doxycycline, meloxicam, gentamicin, and dibromochloromethane. The screen also identified ivermectin, which was first identified as an anti-parasite drug and recently the drug was included in clinical trials for SARS-CoV-2. Conclusion(s): The drugs screened using our strategy may be effective candidates for treating patients with COVID-19. Copyright © 2020 Taguchi, Turki. This is an open access article distributed under the terms of the Creative Commons Attribution License, which permits unrestricted use, distribution, and reproduction in any medium, provided the original author and source are credited.",Excluded,,,,,,,,,,
"Nebulized ivermectin for COVID-19 and other respiratory diseases, a proof of concept, dose-ranging study in rats","Ivermectin is a widely used antiparasitic drug with known efficacy against several single-strain RNA viruses. Recent data shows significant reduction of SARS-CoV-2 replication in vitro by ivermectin concentrations not achievable with safe doses orally. Inhaled therapy has been used with success for other antiparasitics. An ethanol-based ivermectin formulation was administered once to 14 rats using a nebulizer capable of delivering particles with alveolar deposition. Rats were randomly assigned into three target dosing groups, lower dose (80-90 mg/kg), higher dose (110-140 mg/kg) or ethanol vehicle only. A toxicology profile including behavioral and weight monitoring, full blood count, biochemistry, necropsy and histological examination of the lungs was conducted. The pharmacokinetic profile of ivermectin in plasma and lungs was determined in all animals. There were no relevant changes in behavior or body weight. There was a delayed elevation in muscle enzymes compatible with rhabdomyolysis, that was also seen in the control group and has been attributed to the ethanol dose which was up to 11 g/kg in some animals. There were no histological anomalies in the lungs of any rat. Male animals received a higher ivermectin dose adjusted by adipose weight and reached higher plasma concentrations than females in the same dosing group (mean Cmax 86.2 ng/ml vs. 26.2 ng/ml in the lower dose group and 152 ng/ml vs. 51.8 ng/ml in the higher dose group). All subjects had detectable ivermectin concentrations in the lungs at seven days post intervention, up to 524.3 ng/g for high-dose male and 27.3 ng/g for low-dose females. nebulized ivermectin can reach pharmacodynamic concentrations in the lung tissue of rats, additional experiments are required to assess the safety of this formulation in larger animals.",Excluded,,,,,,,,,,
Natural history of COVID-19 and current knowledge on treatment therapeutic options,"Despite intense research there is currently no effective vaccine available against the new severe acute respiratory syndrome coronavirus-2 (SARS-CoV-2) emerged in the later 2019 and responsible for the COVID-19 pandemic. This infectious and communicable disease has become one of the major public health challenges in the world. The clinical management of COVID-19 has been limited to infection prevention and control measures associated with supportive care such as supplemental oxygen and mechanical ventilation. Meanwhile efforts to find an effective treatment to inhibit virus replication, mitigate the symptoms, increase survival and decrease mortality rate are ongoing. Several classes of drugs, many of them already in use for other diseases, are being evaluated based on the body of clinical knowledge obtained from infected patients regarding to the natural history and evolution of the infection. Herein we will provide an updated overview of the natural history and current knowledge on drugs and therapeutic agents being tested for the prevention and treatment of COVID-19. These include different classes of drugs such as antiviral agents (chloroquine, ivermectin, nitazoxanide, hydroxychloroquine, lopinavir, remdesivir, tocilizumab), supporting agents (Vitamin C, Vitamin D, azithromycin, corticosteroids) and promising investigational vaccines. Considering the controversies and excessive number of compounds being tested and reported in the literature we hope that this review can provide useful and updated consolidated information on potential drugs used to prevent, control and treat COVID-19 patients worldwide. Copyright © 2020 The Author",Excluded,,,,,,,,,,
A Narrative Review of Pharmacologic Treatments for COVID-19: Safety Considerations and Ototoxicity,"Objective/Hypothesis: The purpose of this review is to summarize evidence-based data regarding the ototoxic effects of potential COVID-19 therapeutics to treat patients suffering from SARS-CoV-2. Method(s): Medications under investigation as novel therapeutics to treat COVID-19 were identified using the search term coronavirus therapeutics, COVID therapeutics, and SARS-CoV-2 therapeutics on ClinicalTrials.gov and the PubMed Database. A literature review was performed using the PubMed Database for each proposed COVID-19 therapeutic to identify relevant articles. Search criteria included Medical Subject Headings (MeSH) and key word search terms for ototoxicity, vestibulotoxicity, hearing disorders, and vertigo. Result(s): Six proposed COVID-19 therapeutics were identified as possessing ototoxic side effects including chloroquine and hydroxychloroquine, azithromycin, lopinavir-ritonavir, interferon, ribavirin, and ivermectin. Conclusion(s): Available evidence suggests that ototoxic effects may be improved or mitigated by stopping the offending agent. Recognition of hearing loss, tinnitus, or imbalance/vertigo is therefore crucial to facilitate early intervention and prevent long-term damage. Hospitals should consider the inclusion of audiologic monitoring protocols for patients receiving COVID-19 therapeutics with known ototoxicity, especially in high-risk patient groups such as the elderly and hearing impaired. Laryngoscope, 131:1626-1632, 2021. Copyright © 2021 The American Laryngological, Rhinological and Otological Society, Inc.",Excluded,,,,,,,,,,
My journey of formulating a patent for topical/spray ivermectin against covid,,Excluded,,,,,,,,,,
Multidrug treatment for COVID-19,"An outbreak of severe acute respiratory syndrome coronavirus 2 (SARS-CoV-2) infection, which began in Wuhan, China in December 2019, has rapidly spread all over the world. The World Health Organization characterized the disease caused by SARS-CoV-2 (COVID-19) as a pandemic in March 2020. In the absence of specific treatments for the virus, treatment options are being examined. Drug repurposing is a process of identifying new therapeutic uses for approved drugs. It is an effective strategy to discover drug molecules with new therapeutic indications. This strategy is time-saving, low-cost, and has a minimal risk of failure. Several existing approved drugs such as chloroquine, hydroxychloroquine, doxycycline, azithromycin, and ivermectin are currently in use because of their efficacy in inhibiting COVID-19. Multidrug therapy, such as a combination of hydroxychloroquine and azithromycin, a combination of doxycycline and ivermectin, or a combination of ivermectin, doxycycline, and azithromycin, has been successfully administered. Multidrug therapy is efficacious because the mechanisms of action of these drugs differ. Moreover, multidrug therapy may prevent the emergence of drug-resistant SARS-CoV-2. Copyright © 2021 International Advancement Center for Medicine and Health Research. All rights reserved.",Excluded,,,,,,,,,,
Molecular docking studies of some selected gallic acid derivatives against five non-structural proteins of novel coronavirus,"BACKGROUND: The World Health Organization has recently declared a new coronavirus disease (COVID-19) a pandemic and a global health emergency. The pressure to produce drugs and vaccines against the ongoing pandemic has resulted in the use of some drugs such as azithromycin, chloroquine (sulfate and phosphate), hydroxychloroquine, dexamethasone, favipiravir, remdesivir, ribavirin, ivermectin, and lopinavir/ritonavir. However, reports from some of the clinical trials with these drugs have proved detrimental on some COVID-19 infected patients with side effects more of which cardiomyopathy, cardiotoxicity, nephrotoxicity, macular retinopathy, and hepatotoxicity have been recently reported. Realizing the need for potent and harmless therapeutic compounds to combat COVID-19, we attempted in this study to find promising therapeutic compounds against the imminent threat of this virus. In this current study, 16 derivatives of gallic acid were docked against five selected non-structural proteins of SARS-COV-2 known to be a good target for finding small molecule inhibitors against the virus, namely, nsp3, nsp5, nsp12, nsp13, and nsp14. All the protein crystal structures and 3D structures of the small molecules (16 gallic acid derivatives and 3 control drugs) were retrieved from the Protein database (PDB) and PubChem server respectively. The compounds with lower binding energy than the control drugs were selected and subjected to pharmacokinetics screening using AdmetSAR server.     RESULTS: 4-O-(6-galloylglucoside) gave binding energy values of - 8.4, - 6.8, - 8.9, - 9.1, and - 7.5 kcal/mol against Mpro, nsp3, nsp12, nsp13, and nsp15 respectively. Based on the ADMET profile, 4-O-(6-galloylglucoside) was found to be metabolized by the liver and has a very high plasma protein binding.     CONCLUSION: The result of this study revealed that 4-O-(6-galloylglucoside) could be a promising inhibitor against these SAR-Cov-2 proteins. However, there is still a need for further molecular dynamic simulation, in vivo and in vitro studies to support these findings.",Excluded,,,,,,,,,,
Molecular Docking Reveals Ivermectin and Remdesivir as Potential Repurposed Drugs Against SARS-CoV-2,"SARS-CoV-2 is a newly emerged coronavirus that causes a respiratory disease with variable severity and fatal consequences. It was first reported in Wuhan and subsequently caused a global pandemic. The viral spike protein binds with the ACE-2 cell surface receptor for entry, while TMPRSS2 triggers its membrane fusion. In addition, RNA dependent RNA polymerase (RdRp), 3'-5' exoribonuclease (nsp14), viral proteases, N, and M proteins are important in different stages of viral replication. Accordingly, they are attractive targets for different antiviral therapeutic agents. Although many antiviral agents have been used in different clinical trials and included in different treatment protocols, the mode of action against SARS-CoV-2 is still not fully understood. Different potential repurposed drugs, including, chloroquine, hydroxychloroquine, ivermectin, remdesivir, and favipiravir, were screened in the present study. Molecular docking of these drugs with different SARS-CoV-2 target proteins, including spike and membrane proteins, RdRp, nucleoproteins, viral proteases, and nsp14, was performed. Moreover, the binding affinities of the human ACE-2 receptor and TMPRSS2 to the different drugs were evaluated. Molecular dynamics simulation and MM-PBSA calculation were also conducted. Ivermectin and remdesivir were found to be the most promising drugs. Our results suggest that both these drugs utilize different mechanisms at the entry and post-entry stages and could be considered potential inhibitors of SARS-CoV-2 replication. © Copyright © 2021 Eweas, Alhossary and Abdel-Moneim.",Excluded,,,,,,,,,,
"Molecular Docking of Azithromycin, Ritonavir, Lopinavir, Oseltamivir, Ivermectin and Heparin Interacting with Coronavirus Disease 2019 Main and Severe Acute Respiratory Syndrome Coronavirus-2 3C-Like Proteases","In the current pandemic situation raised due to COVID-19, drug reuse is emerging as the first line of treatment. The viral agent that causes this highly contagious disease and the acute respiratory syndrome coronavirus (SARS-CoV) share high nucleotide similarity. Therefore, it is structurally expected that many existing viral targets are similar to the first SARS-CoV, probably being inhibited by the same compounds. Here, we selected two viral proteins based on their vital role in the viral life cycle: Structure of the main protease SARS-CoV-2 and the structural base of the SARS-CoV-2 protease 3CL, both supporting the entry of the virus into the human host. The approved drugs used were azithromycin, ritonavir, lopinavir, oseltamivir, ivermectin and heparin, which are emerging as promising agents in the fight against COVID-19. Our hypothesis behind molecular coupling studies is to determine the binding affinities of these drugs and to identify the main amino acid residues that play a fundamental role in their mechanism of action. Additional studies on a wide range of FDA-approved drugs, including a few more protein targets, molecular dynamics studies, in vitro and biological in vivo evaluation are needed to identify combination therapy targeted at various stages of the viral life cycle. In our experiment in silico, based mainly on the molecular coupling approach, we investigated six different types of pharmacologically active drugs, aiming at their potential application alone or in combination with the reuse of drugs. The ligands showed stable conformations when analyzing the affinity energy in both proteases: ivermectin forming a stable complex with the two proteases with values -8.727 kcal/mol for Main Protease and -9.784 kcal/mol for protease 3CL, Heparin with values of -7.647 kcal/mol for the Main protease and -7.737 kcal/mol for the 3CL protease. Both conform to the catalytic site of the proteases. Our studies can provide an insight into the possible interactions between ligands and receptors, through better conformation. The ligands ivermectin, heparin and ritonavir showed stable conformations. Our in-silica docking data shows that the drugs we have identified can bind to the binding compartment of both proteases, this strongly supports our hypothesis that the development of a single antiviral agent targeting Main protease, or 3CL protease, or an agent used in combination with other potential therapies, it could provide an effective line of defense against diseases associated with coronaviruses.",Excluded,,,,,,,,,,
Molecular docking and dynamics studies of curcumin with COVID-19 proteins,"Coronavirus disease 2019 (COVID-19) is caused by a Severe Acute Respiratory Syndrome-Coronavirus 2 (SARS-CoV-2), which is a positive-strand RNA virus. The SARS-CoV-2 genome and its association to SAR-CoV-1 vary from ca. 66 to 96% depending on the type of betacoronavirideae family members. With several drugs, viz. chloroquine, hydroxychloroquine, ivermectin, artemisinin, remdesivir, azithromycin considered for clinical trials, there has been an inherent need to find distinctive antiviral mechanisms of these drugs. Curcumin, a natural bioactive molecule has been shown to have therapeutic potential for various diseases, and its effect on COVID-19 is also currently being explored. In this study, we show the binding potential of curcumin targeted to a variety of SARS-CoV-2 proteins, viz. spike glycoproteins (PDB ID: 6VYB), nucleocapsid phosphoprotein (PDB ID: 6VYO), spike protein-ACE2 (PDB ID: 6M17) along with nsp10 (PDB ID: 6W4H) and RNA dependent RNA polymerase (PDB ID: 6M71) structures. Furthermore, representative docking complexes were validated using molecular dynamics simulations and mechanistic studies at 100 ns was carried on nucleocapsid and nsp10 proteins with curcumin complexes which resulted in stable and efficient binding energies and correlated with that of docked binding energies of the complexes. Both the docking and simulation studies indicate that curcumin has the potential as an antiviral against COVID-19. Copyright © 2021, The Author(s), under exclusive licence to Springer-Verlag GmbH Austria, part of Springer Nature.",Excluded,,,,,,,,,,
Modeling of SARS-CoV-2 Treatment Effects for Informed Drug Repurposing,"Several repurposed drugs are currently under investigation in the fight against coronavirus disease 2019 (COVID-19). Candidates are often selected solely by their effective concentrations in vitro, an approach that has largely not lived up to expectations in COVID-19. Cell lines used in in vitro experiments are not necessarily representative of lung tissue. Yet, even if the proposed mode of action is indeed true, viral dynamics in vivo, host response, and concentration-time profiles must also be considered. Here we address the latter issue and describe a model of human SARS-CoV-2 viral kinetics with acquired immune response to investigate the dynamic impact of timing and dosing regimens of hydroxychloroquine, lopinavir/ritonavir, ivermectin, artemisinin, and nitazoxanide. We observed greatest benefits when treatments were given immediately at the time of diagnosis. Even interventions with minor antiviral effect may reduce host exposure if timed correctly. Ivermectin seems to be at least partially effective: given on positivity, peak viral load dropped by 0.3-0.6 log units and exposure by 8.8-22.3%. The other drugs had little to no appreciable effect. Given how well previous clinical trial results for hydroxychloroquine and lopinavir/ritonavir are explained by the models presented here, similar strategies should be considered in future drug candidate prioritization efforts. © Copyright © 2021 Kern, Schoning, Chaccour and Hammann.",Excluded,,,,,,,,,,
Misleading clinical evidence and systematic reviews on ivermectin for COVID-19,,Excluded,,,,,,,,,,
Mechanistic insights into the inhibitory activity of FDA approved ivermectin against SARS-CoV-2: old drug with new implications,"The novel corona virus (Covid-19) has become a great challenge worldwide since 2019, as no drug has been reported yet. Different clinical trials are still under way. Among them is Ivermectin (IVM), an FDA approved drug which was recently reported as a successful candidate to reduce SARS-CoV-2 viral load by inhibiting Importin-alpha1 (IMP-alpha1) protein which subsequently affects nuclear transport of viral proteins but its basic binding mode and inhibitory mechanism is unknown. Therefore, we aimed to explore the inhibitory mechanism and binding mode of IVM with IMP-alpha1 via different computational methods. Initially, comparative docking of IVM was performed against two different binding sites (Nuclear Localization Signal (NLS) major and minor sites) of IMP-alpha1 to predict the probable binding mode of IVM. Then, classical MD simulation was performed (IVM/NLS-Major site and IVM/NLS-Minor site), to predict its comparative stability dynamics and probable inhibitory mechanism. The stability dynamics and biophysical analysis of both sites highlighted the stable binding of IVM within NLS-Minor site by establishing and maintaining more hydrophobic contacts with crucial residues, required for IMP-alpha1 inhibition which were not observed in NLS-major site. Altogether, these results recommended the worth of IVM as a possible drug to limit the SARS-CoV-2 viral load and consequently reduces its progression. Communicated by Ramaswamy H. Sarma. Copyright © 2021 Informa UK Limited, trading as Taylor & Francis Group.",Excluded,,,,,,,,,,
The mechanisms of action of Ivermectin against SARS-CoV-2: An evidence-based clinical review article,"Considering the urgency of the ongoing COVID-19 pandemic, detection of various new mutant strains and future potential re-emergence of novel coronaviruses, repurposing of approved drugs such as Ivermectin could be worthy of attention. This evidence-based review article aims to discuss the mechanism of action of ivermectin against SARS-CoV-2 and summarizing the available literature over the years. A schematic of the key cellular and biomolecular interactions between Ivermectin, host cell, and SARS-CoV-2 in COVID-19 pathogenesis and prevention of complications have been proposed. Copyright © 2021, The Author(s), under exclusive licence to the Japan Antibiotics Research Association.",Excluded,,,,,,,,,,
MDI or nebulization in moderate to severe COVID-19 disease with COPD: Which one is better?,"Introduction: Aerosol bronchodilator therapy via nebulization, using a nebulizer or metered-dose inhaler (MDI) with a spacer device or dry powder inhaler is the mainstay in the treatment of COPD. We, herein, discuss two such cases with corresponding concerns related to various modes of bronchodilation in moderate to severe COVID-19 patients with COPD. Two COVID-19 patients (60 years/M and 55 years/M) with COPD presented with worsening fever, cough, and shortness of breath for around 10 days. Chest radiographs revealed mid and lower lung zone involvement in both. Both received tazobactam-piperacillin, teicoplanin, ivermectin, hydroxychloroquine, enoxaparin, dexamethasone, salmeterol MDI, multivitamin, and received oxygen via high FiO<inf>2</inf> non-rebreathing mask and maintained 92 to 94% oxygen saturation and 24 to 32 breaths/minute. We observed their inability to attain an optimal peak inspiration with MDI and thus increased the dose to @ 4 to 6 puffs. Following no improvement, nebulization was started. With the improvement in peak inspiratory flow rate, the MDIs were reinstituted. The pulmonary symptoms improved and both the patients were discharged subsequently. Discussion(s): Bronchodilator delivery by MDI or wet nebulizer is equivalent in the acute treatment of adults with airflow obstruction. 1 A Cochrane review 2 observed no significant difference in FEV1 at 1 hour after dosing between nebulization and MDI; however, an improved FEV1 trend was observed with nebulization.2 In critically ill patients, nebulization is preferred over MDI or DPI as the latter needs an optimal peak inspiratory flow rate (~60 L/minute) which is often compromised in critical illness. During the COVID pandemic, bronchodilation via nebulization has got a serious concern, i.e., the nebulizers produce small- and medium-size aerosol range and can disperse viral particles in exhaled air >0.8 m from the patient and remain airborne for more than 30 minutes.3 Thus, a potential exposure threat to healthcare workers (HCW). It should preferably be provided in isolation within negative pressure rooms with providers donning all personal protective equipment. The expert consensus guidelines recommend replacing nebulization with MDIs in COVID-19 disease; however, no dogmatic guidelines or protocols in this context.4 As far as pathophysiology is concerned, COPD is an obstructive airway pathology characterized by expiratory airflow limitation due to chronic inflammation of the large central airways, peripheral bronchioles, and destruction of lung parenchyma. On the contrary, in COVID-19, Mu et al. observed it to be primarily a restrictive ventilatory defect along with impairment of diffusion capacity as reflected by the pulmonary function tests in 110 discharged survivors with COVID-19.5 Therefore, COVID patients with COPD may present with mixed pattern (obstructive and restrictive) which may affect the performance of the aforementioned modes of bronchodilation. Conclusion(s): We emphasize the need for assessing the risk-benefit ratio related to the safety of HCW with the use of MDI plus spacer vs the risk of clinical deterioration by avoiding nebulization in patients with COVID-19 disease with COPD. We also recommend the need for further research and evidence-based concrete guidelines in context to the favorable mode of inhaled bronchodilator in COVID-19 disease.",Excluded,,,,,,,,,,
Mass drug administration and worms experience in Africa: Envisage repurposing ivermectin for SARS-COV-2,,Excluded,,,,,,,,,,
A living WHO guideline on drugs for covid-19,"CLINICAL QUESTION: What is the role of drug interventions in the treatment of patients with covid-19?     NEW RECOMMENDATION: The publication of the RECOVERY and REMAP-CAP randomised controlled trials triggered this guideline update, resulting in a strong recommendation for interleukin-6 (IL-6) receptor blockers (tocilizumab or sarilumab) in patients with severe or critical covid-19.     PRIOR RECOMMENDATIONS: (a) A recommendation not to use ivermectin in patients with covid-19, regardless of disease severity, except in the context of a clinical trial; (b) a strong recommendation against the use of hydroxychloroquine in patients with covid-19, regardless of disease severity; (c) a strong recommendation against the use of lopinavir-ritonavir in patients with covid-19, regardless of disease severity; (d) a strong recommendation for systemic corticosteroids in patients with severe and critical covid-19; (e) a conditional recommendation against systemic corticosteroids in patients with non-severe covid-19; and (f) a conditional recommendation against remdesivir in hospitalised patients with covid-19.     HOW THIS GUIDELINE WAS CREATED: This living guideline is from the World Health Organization (WHO) and provides up to date covid-19 guidance to inform policy and practice worldwide. Magic Evidence Ecosystem Foundation (MAGIC) provided methodological support. A living systematic review with network meta-analysis informed the recommendations. For IL-6 receptor blockers, a complementary prospective meta-analysis informed the outcome of mortality. An international guideline development panel of content experts, clinicians, patients, an ethicist and methodologists produced recommendations following standards for trustworthy guideline development using the Grading of Recommendations Assessment, Development and Evaluation (GRADE) approach.     UNDERSTANDING THE NEW RECOMMENDATION: The panel judged that almost all well informed patients would want to receive IL-6 receptor blockers (tocilizumab and sarilumab) for severe and critical covid-19, given that there was high certainty evidence of benefit for mortality and mechanical ventilation, the two most important outcomes for patients. In addition to the network analysis, a direct comparison from REMAP-CAP provided evidence that tocilizumab and sarilumab had similar effects on the main outcomes of interest. There is ongoing uncertainty about serious adverse events and bacterial infections related to IL-6 receptor blockers. The panel recognised important resources and access issues around IL-6 receptor blockers.     UPDATES: This is a living guideline. It replaces earlier versions (4 September, 20 November, 17 December 2020, and 31 March 2021) and supersedes the BMJ Rapid Recommendations on remdesivir published on 2 July 2020. The previous versions can be found as data supplements. New recommendations will be published as updates to this guideline.     READERS' NOTE: This is the fifth version (update 4) of the living guideline (BMJ 2020;370:m3379). When citing this article, please consider adding the update number and date of access for clarity.",Excluded,,,,,,,,,,
Letter to the editor: Ivermectin: Panacea or true promise for covid-19?,,Excluded,,,,,,,,,,
"A Large Impact of Obesity on the Disposition of Ivermectin, Moxidectin and Eprinomectin in a Canine Model: Relevance for COVID-19 Patients","Ivermectin (IVM) and moxidectin (MOX) are used extensively as parasiticides in veterinary medicine. Based on in vitro data, IVM has recently been proposed for the prevention and treatment of COVID-19 infection, a condition for which obesity is a major risk factor. In patients, IVM dosage is based on total body weight and there are no recommendations to adjust dosage in obese patients. The objective of this study was to establish, in a canine model, the influence of obesity on the clearance and steady-state volume of distribution of IVM, MOX, and a third analog, eprinomectin (EPR). An experimental model of obesity in dogs was based on a high calorie diet. IVM, MOX, and EPR were administered intravenously, in combination, to a single group of dogs in two circumstances, during a control period and when body weight had been increased by 50%. In obese dogs, clearance, expressed in absolute values (L/day), was not modified for MOX but was reduced for IVM and EPR, compared to the initial control state. However, when scaled by body weight (L/day/kg), plasma clearance was reduced by 55, 42, and 63%, for IVM, MOX and EPR, respectively. In contrast, the steady-state volume of distribution was markedly increased, in absolute values (L), by obesity. For IVM and MOX, this obese dog model suggests that the maintenance doses in the obese subject should be based on lean body weight rather than total weight. On the other hand, the loading dose, when required, should be based on the total body weight of the obese subject. © Copyright © 2021 Bousquet-Melou, Lespine, Sutra, Bargues and Toutain.",Excluded,,,,,,,,,,
Lack of efficacy of standard doses of ivermectin in severe COVID-19 patients,"Ivermectin has recently shown efficacy against SARS-CoV-2 in-vitro. We retrospectively reviewed severe COVID-19 patients receiving standard doses of ivermectin and we compared clinical and microbiological outcomes with a similar group of patients not receiving ivermectin. No differences were found between groups. We recommend the evaluation of high-doses of ivermectin in randomized trials against SARS-CoV-2. Copyright: © 2020 Camprubi et al. This is an open access article distributed under the terms of the Creative Commons Attribution License, which permits unrestricted use, distribution, and reproduction in any medium, provided the original author and source are credited.",Included,,,,,,,,,,
Known drugs and small molecules in the battle for COVID-19 treatment,"COVID-19 has been declared a pandemic by the World Health Organization on March 11th and since then more than 3 million cases and a quarter million deaths have occurred due to it. The urge to find a resultful treatment or cure is now pressing more than any other time since the outbreak of the pandemic. Researchers all over the world from different fields of expertise are trying to find the most suitable drugs, that are already known to treat other diseases, and could tackle the process of SARS-CoV2 through which it invades and replicates in human cells. Here, we discuss five of the most promising drugs that can potentially play a major role in the treatment of COVID-19. While nicotine and ivermectin may be blocking transport abilities of the virus or its components, famotidine, remdesivir and chloroquine in combination with zinc ions can deactivate important enzymes needed for the replication of the virus. While clinical trials for some of these drugs have already started, it is common knowledge that lack of organization between countries, institutes and hospitals might slow down the whole process for an official treatment based in wide, randomized, placebo controlled trials. Copyright © 2020 Chongqing Medical University",Excluded,,,,,,,,,,
Key summary of German national treatment guidance for hospitalized COVID-19 patients Key pharmacologic recommendations from a national German living guideline using an Evidence to Decision Framework (last updated 17.05.2021),"Purpose: This executive summary of a national living guideline aims to provide rapid evidence based recommendations on the role of drug interventions in the treatment of hospitalized patients with COVID-19. Method(s): The guideline makes use of a systematic assessment and decision process using an evidence to decision framework (GRADE) as recommended standard WHO (2021). Recommendations are consented by an interdisciplinary panel. Evidence analysis and interpretation is supported by the CEOsys project providing extensive literature searches and living (meta-) analyses. For this executive summary, selected key recommendations on drug therapy are presented including the quality of the evidence and rationale for the level of recommendation. Result(s): The guideline contains 11 key recommendations for COVID-19 drug therapy, eight of which are based on systematic review and/or meta-analysis, while three recommendations represent consensus expert opinion. Based on current evidence, the panel makes strong recommendations for corticosteroids (WHO scale 5-9) and prophylactic anticoagulation (all hospitalized patients with COVID-19) as standard of care. Intensified anticoagulation may be considered for patients with additional risk factors for venous thromboembolisms (VTE) and a low bleeding risk. The IL-6 antagonist tocilizumab may be added in case of high supplemental oxygen requirement and progressive disease (WHO scale 5-6). Treatment with nMABs may be considered for selected inpatients with an early SARS-CoV-2 infection that are not hospitalized for COVID-19. Convalescent plasma, azithromycin, ivermectin or vitamin D<inf>3</inf> should not be used in COVID-19 routine care. Conclusion(s): For COVID-19 drug therapy, there are several options that are sufficiently supported by evidence. The living guidance will be updated as new evidence emerges. Copyright © 2021, The Author(s).",Excluded,,,,,,,,,,
Ivermectin: Should have long since been approved against COVID-19. [German],,Excluded,,,,,,,,,,
Ivermectin: repurposing a multipurpose drug for Venezuela's humanitarian crisis,"Ivermectin (IVM) is a robust antiparasitic drug with an excellent tolerance and safety profile. Historically it has been the drug of choice for onchocerciasis and lymphatic filariasis global elimination programs. IVM is an oral insecticide and is a standard treatment against intestinal helminths and ectoparasites. The current humanitarian crisis in Venezuela is a regional public health threat that requires immediate action. The public health system in Venezuela has crumbled because of a 70% shortage of medicines in public hospitals, low vaccination campaigns, and the mass exodus of medical personnel. Herein we discuss the repurposing of IVM to attenuate the burden imposed by the most prevalent neglected tropical diseases (NTDs) in Venezuela, including soil-transmitted helminths, ectoparasites and, possibly, vector-borne diseases, such as malaria. In addition, novel experimental evidence has shown that IVM is active and efficacious in vitro against Chagas disease, Leishmaniases, arboviruses, and SARS-CoV-2. In crisis-hit Venezuela, all these infectious diseases are public health emergencies that have long been ignored and require immediate attention. The versatility of IVM could serve as a powerful tool to tackle the multiple overlapping endemic and emergent diseases that currently affect Venezuela. The repurposing of this multipurpose drug would be a timely therapeutic approach to help mitigate the tremendous burden of NTDs nationwide. Copyright © 2020",Excluded,,,,,,,,,,
Ivermectin: Potential role as repurposed drug for covid-19,"Severe acute respiratory illness caused by 2019 novel coronavirus (2019-nCoV), officially named severe acute respiratory syndrome coronavirus (SARS-CoV-2) in late December 2019 is an extremely communicable disease. World Health Organization (WHO) declared coronavirus disease 2019 (COVID-19) as a pandemic as it has spread to at least 200 countries in a short span of time. Being a new disease there is lack of information about pathogenesis and proliferation pathways of this new coronavirus. Currently there is no effective treatment for coronavirus infection; major effort is to develop vaccine against the virus and development of therapeutic drugs for the disease. The development of genome-based vaccine and therapeutic antibodies require thorough testing for safety and will be available after some time. In the meanwhile, the available practical approach is to repurpose existing therapeutic agents, with proven safety record as a rapid response measure for the current pandemic. Here we discuss the presently used repurposed drugs for COVID-19 and the potential for ivermectin (IVM) to be used as a therapeutic option in COVID-19. Copyright © Penerbit Universiti Sains Malaysia, 2020.",Excluded,,,,,,,,,,
Ivermectin: potential candidate for the treatment of Covid 19,,Excluded,,,,,,,,,,
Ivermectin: Panacea or true promise for COVID-19,,Excluded,,,,,,,,,,
Ivermectin: an award-winning drug with expected antiviral activity against COVID-19,"Ivermectin is an FDA-approved broad-spectrum antiparasitic agent with demonstrated antiviral activity against a number of DNA and RNA viruses, including severe acute respiratory syndrome coronavirus 2 (SARS-CoV-2). Despite this promise, the antiviral activity of ivermectin has not been consistently proven in vivo. While ivermectin's activity against SARS-CoV-2 is currently under investigation in patients, insufficient emphasis has been placed on formulation challenges. Here, we discuss challenges surrounding the use of ivermectin in the context of coronavirus disease-19 (COVID-19) and how novel formulations employing micro- and nanotechnologies may address these concerns. Copyright © 2020 Elsevier B.V.",Excluded,,,,,,,,,,
"Ivermectin: An Anthelmintic, an Insecticide, and Much More","Here we tell the story of ivermectin, describing its anthelmintic and insecticidal actions and recent studies that have sought to reposition ivermectin for the treatment of other diseases that are not caused by helminth and insect parasites. The standard theory of its anthelmintic and insecticidal mode of action is that it is a selective positive allosteric modulator of glutamate-gated chloride channels found in nematodes and insects. At higher concentrations, ivermectin also acts as an allosteric modulator of ion channels found in host central nervous systems. In addition, in tissue culture, at concentrations higher than anthelmintic concentrations, ivermectin shows antiviral, antimalarial, antimetabolic, and anticancer effects. Caution is required before extrapolating from these preliminary repositioning experiments to clinical use, particularly for Covid-19 treatment, because of the high concentrations of ivermectin used in tissue-culture experiments. Copyright © 2020 Elsevier Ltd",Excluded,,,,,,,,,,
Ivermectin: a systematic review from antiviral effects to COVID-19 complementary regimen,"Ivermectin proposes many potentials effects to treat a range of diseases, with its antimicrobial, antiviral, and anti-cancer properties as a wonder drug. It is highly effective against many microorganisms including some viruses. In this comprehensive systematic review, antiviral effects of ivermectin are summarized including in vitro and in vivo studies over the past 50 years. Several studies reported antiviral effects of ivermectin on RNA viruses such as Zika, dengue, yellow fever, West Nile, Hendra, Newcastle, Venezuelan equine encephalitis, chikungunya, Semliki Forest, Sindbis, Avian influenza A, Porcine Reproductive and Respiratory Syndrome, Human immunodeficiency virus type 1, and severe acute respiratory syndrome coronavirus 2. Furthermore, there are some studies showing antiviral effects of ivermectin against DNA viruses such as Equine herpes type 1, BK polyomavirus, pseudorabies, porcine circovirus 2, and bovine herpesvirus 1. Ivermectin plays a role in several biological mechanisms, therefore it could serve as a potential candidate in the treatment of a wide range of viruses including COVID-19 as well as other types of positive-sense single-stranded RNA viruses. In vivo studies of animal models revealed a broad range of antiviral effects of ivermectin, however, clinical trials are necessary to appraise the potential efficacy of ivermectin in clinical setting. Copyright © 2020, The Author(s), under exclusive licence to the Japan Antibiotics Research Association.",Excluded,,,,,,,,,,
"Ivermectin: a multifaceted drug of Nobel prize-honoured distinction with indicated efficacy against a new global scourge, COVID-19","In 2015, the Nobel Committee for Physiology or Medicine, in its only award for treatments of infectious diseases since six decades prior, honoured the discovery of ivermectin (IVM), a multifaceted drug deployed against some of the world's most devastating tropical diseases. Since March 2020, when IVM was first used against a new global scourge, COVID-19, more than 20 randomized clinical trials (RCTs) have tracked such inpatient and outpatient treatments. Six of seven meta-analyses of IVM treatment RCTs reporting in 2021 found notable reductions in COVID-19 fatalities, with a mean 31% relative risk of mortality vs. controls. During mass IVM treatments in Peru, excess deaths fell by a mean of 74% over 30 days in its ten states with the most extensive treatments. Reductions in deaths correlated with the extent of IVM distributions in all 25 states with p < 0.002. Sharp reductions in morbidity using IVM were also observed in two animal models, of SARS-CoV-2 and a related betacoronavirus. The indicated biological mechanism of IVM, competitive binding with SARS-CoV-2 spike protein, is likely non-epitope specific, possibly yielding full efficacy against emerging viral mutant strains.",Excluded,,,,,,,,,,
Ivermectin: A Closer Look at a Potential Remedy,"Amid the severe acute respiratory syndrome coronavirus 2 (SARS-CoV-2) pandemic, the search for effective treatment and vaccines has been exponentially on the rise. Finding effective treatment has been the core of attention of many scientific reports and antivirals are in the center of those treatments. Numerous antivirals are being studied for the management of the coronavirus disease 2019 (COVID-19) pneumonia caused by the SARS-CoV-2. Remdesivir was the first drug to gain emergency FDA approval to be used in COVID-19. Similarly, favipiravir, an anti-influenza drug, is being studied as a potential agent against COVID-19. Contrastingly, hydroxychloroquine has been a controversial drug in the management of COVID-19. Nevertheless, the National Institute of Health (NIH), along with the World Health Organization (WHO), have discontinued clinical trials for hydroxychloroquine as the drug showed little or no survival benefit. Ivermectin, an antihelminthic drug, has shown antiviral properties previously. Additionally, it was described to be effective in vivo against the SARS-CoV-2. However, its survival benefit in patients with COVID-19 has not been documented. We herein propose the theory of inhaled ivermectin which can attain the desired lung concentration that will render it effective against SARS-CoV-2.",Excluded,,,,,,,,,,
"Ivermectin, Famotidine, and Doxycycline: A Suggested Combinatorial Therapeutic for the Treatment of COVID-19","At times, combination therapy has proven to be very effective. While no cure is available to date, herein we put forward with rationale and supporting evidence that if administrated simultaneously, a combination of FDA-approved drugs comprising ivermectin, famotidine, and doxycycline may provide robust chemoprophylaxis effective against COVID-19. Copyright © 2020 American Chemical Society.",Excluded,,,,,,,,,,
"Ivermectin, antiviral properties and COVID-19: a possible new mechanism of action","Ivermectin is an antiparasitic drug that has shown also an effective pharmacological activity towards various infective agents, including viruses. This paper proposes an alternative mechanism of action for this drug that makes it capable of having an antiviral action, also against the novel coronavirus, in addition to the processes already reported in literature. Copyright © 2020, Springer-Verlag GmbH Germany, part of Springer Nature.",Excluded,,,,,,,,,,
"Ivermectin, a new candidate therapeutic against SARS-CoV-2/COVID-19",,Excluded,,,,,,,,,,
Ivermectin Treatment May Improve the Prognosis of Patients With COVID-19,,Included,,,,,,,,,,
Ivermectin to prevent hospitalizations in patients with COVID-19 (IVERCOR-COVID19): a structured summary of a study protocol for a randomized controlled trial,"Objectives: To assess the efficacy of ivermectin in addition to standard treatment compared to standard treatment alone in reducing hospitalizations in the COVID-19 patient population. Trial design: IVERCOR-COVID19 will be a single-center, prospective, randomized, double-blind, parallel group (1:1 ratio), placebo-controlled study. Participant(s): Patients who meet the following criteria will be invited to participate: Inclusion criteria: (1) Over 18 years of age who reside in the province of Corrientes at the time of diagnosis. (2) Confirmed diagnosis of COVID-19 by polymerase chain reaction (PCR) test for detection of SARS-CoV2 in the last 48 h. (3) In the case of women of childbearing age, they must be using a contraceptive method of proven efficacy and safety (barrier, hormonal, or permanent contraceptives) for at least 3 months prior to inclusion in the present study and for the entire period of time for the duration of the study and until at least 30 days after the end of this study. A woman will be considered to have no reproductive capacity if she is postmenopausal (at least 2 years without her menstrual cycles) or if she has undergone surgical sterilization (at least 1 month before the time of inviting her to participate in this study). (4) Weight at the time of inclusion greater than 48 kg. (5) That they sign the informed consent for participation in the study. Exclusion criteria: (1) pregnant or breastfeeding women; (2) known allergy to ivermectin or some of the components of ivermectin tablets or placebo; (3) current use of home oxygen; (4) require hospitalization due to COVID-19 at the time of diagnosis or history of hospitalization for COVID-19; (5) presence of mal-absorptive syndrome; (6) presence of any other concomitant acute infectious disease; (7) known history of severe liver disease, for example liver cirrhosis; (8) need or use of antiviral drugs at the time of admission for another viral pathology other than COVID-19; (9) need or use of hydroxychloroquine or chloroquine; (10) use of ivermectin up to 7 days prior to randomization; (11) patients on dialysis or who have required it in the last 2 months or who plan to do it in the next 2 months; and (12) current participation or in the last 30 days in a research study that has included the administration of a drug (Table 1).Table 1 The study will be carried out by the Ministry of Public Health of the Province of Corrientes (Argentina) in coordination with the Institute of Cardiology of Corrientes in the Province of Corrientes, Argentina. Intervention and comparator: Intervention group: patients who are randomized to ivermectin will receive the dose according to their weight (patients up to 80 kg will receive 2 tablets of 6 mg ivermectin; patients with more than 80 kg and up to 110 kg will receive 3 tablets of 6 mg of ivermectin; patients weighing more than 110 kg will receive 4 tablets of 6 mg ivermectin) the day they enter the study and the same dose 24 h after the first dose. Control group: patients who are randomized to placebo will receive the dose according to their weight (patients up to 80 kg will receive 2 tablets of 6 mg placebo; patients with more than 80 kg and up to 110 kg will receive 3 tablets of 6 mg of placebo; patients weighing more than 110 kg will receive 4 tablets of 6 mg placebo) on the day they enter the study and the same dose 24 h after the first dose (Table 2).Table 2 Main outcomes: Primary outcome will be the percentage of hospitalizations in patients with COVID-19 in the intervention and control groups. Secondary Outcomes: time to hospitalization in each of the arms of the study: number of days elapsed from the inclusion in the study until the hospitalization of the patient; percentage of use of invasive mechanical ventilation in each of the study arms: every patient who is connected to invasive mechanical ventilation after signing the informed consent and before the final study visit; time to invasive mechanical ventilation in each of the arms of the study: number of days elapsed from inclusion in the study to connection to invasive mechanical ventilation of the patient; percentage of patients requiring dialysis in each of the study arms: all patients who require renal replacement therapy of any kind, temporary or permanent, and which begins after signing the informed consent and before the final visit; mortality from all causes in each of the two trial groups: death of the patient, from any cause. Negative PCR swab at 3 +/- 1 and 12 +/- 2 days after entering the study. Ivermectin safety: it will be analyzed according to the incidence of adverse events that patients present in the intervention and control groups. The end of study (EOS) is recorded as the day the patient is discharged or death. Discharge will be granted according to the current recommendations of the Ministry of Public Health of the Province of Corrientes. A follow-up visit (EOF) will be made by phone 30 days after the EOS when vital status will be verified. Randomization: Randomization will be done through a web system with randomly permuted blocks. Randomization will be carried out by one of the investigators who will not participate in the inclusion of patients or in the delivery of medication (Table 3).Table 3EOS end of study, EOF end of follow-upAnthropometric data<sup>^</sup> Blinding (masking): The participants, investigators, care providers, and outcome assessors will be blinded. Numbers to be randomized (sample size): We will include a total of 500 patients (250 patients in each group). Trial status: This is version 1.0, 17 August 2020. The recruitment started on 19 August 2020, and we anticipate the trial will finish recruitment on 31 December 2020. Trial registration: ClinicalTrials.gov NCT04529525. Registered on 26 August 2020 Full protocol: The full protocol is attached as an additional file, accessible from the Trials website (Additional file 1). In the interest of expediting the dissemination of this material, the familiar formatting has been eliminated; this letter serves as a summary of the key elements of the full protocol. Copyright © 2020, The Author(s).",Included,,,,,,,,,,
"Ivermectin to prevent hospitalizations in patients with COVID-19 (IVERCOR-COVID19) a randomized, double-blind, placebo-controlled trial","Background: Severe acute respiratory syndrome coronavirus 2 (SARS-CoV2) has changed our lives. The scientific community has been investigating re-purposed treatments to prevent disease progression in coronavirus disease (COVID-19) patients. Objective(s): To determine whether ivermectin treatment can prevent hospitalization in individuals with early COVID-19. Design, setting and participants: A randomized, double-blind, placebo-controlled study was conducted in non-hospitalized individuals with COVID-19 in Corrientes, Argentina. Patients with SARS-CoV-2 positive nasal swabs were contacted within 48 h by telephone to invite them to participate. The trial randomized 501 patients between August 19th 2020 and February 22nd 2021. Intervention(s): Patients were randomized to ivermectin (N = 250) or placebo (N = 251) arms in a staggered dose, according to the patient's weight, for 2 days. Main Outcomes and Measures: The efficacy of ivermectin to prevent hospitalizations was evaluated as primary outcome. We evaluated secondary outcomes in relationship to safety and other efficacy end points. Result(s): The mean age was 42 years (SD +/- 15.5) and the median time since symptom onset to the inclusion was 4 days [interquartile range 3-6]. The primary outcome of hospitalization was met in 14/250 (5.6%) individuals in ivermectin group and 21/251 (8.4%) in placebo group (odds ratio 0.65; 95% confidence interval, 0.32-1.31; p = 0.227). Time to hospitalization was not statistically different between groups. The mean time from study enrollment to invasive mechanical ventilatory support (MVS) was 5.25 days (SD +/- 1.71) in ivermectin group and 10 days (SD +/- 2) in placebo group, (p = 0.019). There were no statistically significant differences in the other secondary outcomes including polymerase chain reaction test negativity and safety outcomes. Limitation(s): Low percentage of hospitalization events, dose of ivermectin and not including only high-risk population. Conclusion(s): Ivermectin had no significant effect on preventing hospitalization of patients with COVID-19. Patients who received ivermectin required invasive MVS earlier in their treatment. No significant differences were observed in any of the other secondary outcomes. Trial registration: ClinicalTrials.gov NCT04529525. Copyright © 2021, The Author(s).",Included,,,,,,,,,,
"Ivermectin shows clinical benefits in mild to moderate COVID19: A randomised controlled double-blind, dose-response study in Lagos","INTRODUCTION: In vitro studies have shown the efficacy of Ivermectin (IV) to inhibit the SARS - CoV- 2 viral replication, but questions remained as to In-vivo applications. We set out to explore the efficacy and safety of Ivermectin in persons infected with COVID19. METHOD(S): We conducted a translational proof of concept (PoC) randomized, double blind placebo controlled, dose response, parallel group study of IV efficacy in RT - PCR proven COVID 19 positive patients. 62 patients were randomized to 3 treatment groups. (A) IV 6mg regime, (B)IV 12mg regime (given Q84hrs for 2weeks) (C, control) Lopinavir/Ritonavir. All groups plus standard of Care. RESULT(S): The Days to COVID negativity [DTN] was significantly and dose dependently reduced by IV (p=0.0066). The DTN for Control were, = 9.1+/-5.2, for A 6.0 +/- 2.9, and for B 4.6 +/-3.2 . 2 Way repeated measures ANOVA of ranked COVID 19 +/- scores at 0, 84, 168, 232hours showed a significant IV treatment effect (p=0.035) and time effect (p<0.0001). IV also tended to increase SPO2% compared to controls, p=0.073, 95% CI - 0.39 to 2.59 and increased platelet count compared to C (p=0.037) 95%CI 5.55 - 162.55 x 103/ml. The platelet count increase was inversely correlated to DTN (r = -0.52, p=0.005). No SAE was reported. CONCLUSION(S): 12mg IV regime may have superior efficacy. IV should be considered for use in clinical management of SARS-Cov-2, and may find applications in community prophylaxis in high-risk areas. Copyright © The Author(s) 2021. Published by Oxford University Press on behalf of the Association of Physicians. All rights reserved. For Permissions, please email: journals.permissions@oup.com.",Included,,,,,,,,,,
Ivermectin reduces in vivo coronavirus infection in a mouse experimental model,"The objective of this study was to test the effectiveness of ivermectin for the treatment of mouse hepatitis virus (MHV), a type 2 family RNA coronavirus similar to SARS-CoV-2. Female BALB/cJ mice were infected with 6,000 PFU of MHV-A59 (group infected, n=20) or infected and then immediately treated with a single dose of 500 microg/kg ivermectin (group infected+IVM, n=20) or were not infected and treated with PBS (control group, n=16). Five days after infection/treatment, the mice were euthanized and the tissues were sampled to assess their general health status and infection levels. Overall, the results demonstrated that viral infection induced typical MHV-caused disease, with the livers showing severe hepatocellular necrosis surrounded by a severe lymphoplasmacytic inflammatory infiltration associated with a high hepatic viral load (52,158 AU), while mice treated with ivermectin showed a better health status with a lower viral load (23,192 AU; p<0.05), with only a few having histopathological liver damage (p<0.05). No significant differences were found between the group infected+IVM and control group mice (P=NS). Furthermore, serum transaminase levels (aspartate aminotransferase and alanine aminotransferase) were significantly lower in the treated mice than in the infected animals. In conclusion, ivermectin diminished the MHV viral load and disease in the mice, being a useful model for further understanding this therapy against coronavirus diseases.",Excluded,,,,,,,,,,
Ivermectin may not be a miraculous drug to improve pf ratio and virus clearance in covid-19 patient,"Aim: To evaluate the effectiveness of Ivermectin in COVID 19 infection in terms of virus clearance and symptomatic improvement. Study design: Prospective Quasi experimental study Place and duration of study: Study was carried out in COVID treatment units of Services Institute of Medical Sciences and Bahria International Hospital COVID treatment centre from April 15, 2020 to November 30, 2020 Methodology: One hundred COVID19 confirmed patients for this study and divided into 2 groups. Both groups were given standard treatment including Oxygen, therapeutic anticoagulation and hydroxychloroquine therapies. Group-1 was given Ivermectin for 6 days and group 2 didn't receive Ivermectin. Result(s): The significance value represented as p value (p=.825) was greater than the table value at 0.05 in all aspects, which shows that Ivermectin has no effect in improving PF ratio in COVID19 patients. Out of 50 only 4 patients who received Ivermectin got COVID19 PCR negative after 6 days but on the other hand 3 patients who did not receive Ivermectin also got their PCR negative after 6 days of treatment. Conclusion(s): Ivermectin does not seem to be effective in improvement of PF ratio and virus clearance in COVID19 patients. Copyright © 2021 Lahore Medical And Dental College. All rights reserved.",Included,,,,,,,,,,
Ivermectin may be a clinically useful anti-inflammatory agent for late-stage COVID-19,,Excluded,,,,,,,,,,
Ivermectin in dermatology: why it 'mite' be useless against COVID-19,,Excluded,,,,,,,,,,
Ivermectin in COVID-19. Argumentun ad ignorantiam?,,Excluded,,,,,,,,,,
Ivermectin in COVID-19: What do we know?,,Excluded,,,,,,,,,,
Ivermectin in COVID 19 - promises and prospects,"Age old anthelmintic drug ivermectin Is showing some promises In the management of COVID 19 patients. In vitro study suggests anti SARS CoV2 viral role of ivermectin but there is some controversy regarding dose selection. Ivermectin has immunomodulatory roie which may be responsible for Its beneficial effects. Though it Is not included in interim COVID 19 management guideline by GOt, but several states like West Bengal, Bihar, UP, Assam have included it in state COVID 19 management guideline. It Is important to be vigilant and more focused to prospectlvely observe the outcome in COVID 19 patients. Copyright © 2020, Indian Medical Association. All rights reserved.",Excluded,,,,,,,,,,
Ivermectin in combination with doxycycline for treating COVID-19 symptoms: a randomized trial,"Objective: We evaluated whether ivermectin combined with doxycycline reduced the clinical recovery time in adults with COVID-19 infection. Method(s): This was a randomized, blinded, placebo-controlled trial in patients with mild-to-moderate COVID-19 symptoms randomly assigned to treatment (n = 200) and placebo (n = 200) groups. The primary outcome was duration from treatment to clinical recovery. Secondary outcomes were disease progression and persistent COVID-19 positivity by RT-PCR. Result(s): Among 556 screened patients, 400 were enrolled and 363 completed follow-up. The mean patient age was 40 years, and 59% were men. The median recovery time was 7 (4-10, treatment group) and 9 (5-12, placebo group) days (hazard ratio, 0.73; 95% confidence interval, 0.60-0.90). The number of patients with a <=7-day recovery was 61% (treatment group) and 44% (placebo groups) (hazard ratio, 0.06; 95% confidence interval, 0.04-0.09). The proportion of patients who remained RT-PCR positive on day 14 and whose disease did not progress was significantly lower in the treatment group than in the placebo group. Conclusion(s): Patients with mild-to-moderate COVID-19 infection treated with ivermectin plus doxycycline recovered earlier, were less likely to progress to more serious disease, and were more likely to be COVID-19 negative by RT-PCR on day 14. Trial Registration: ClinicalTrials.gov Identifier: NCT04523831. Data Repository ID: Dryad. doi:10.5061/dryad.qjq2bvqf6 Copyright © The Author(s) 2021.",Included,,,,,,,,,,
Ivermectin for the treatment of COVID-19: A systematic review and meta-analysis of randomized controlled trials,"BACKGROUND: We systematically assessed benefits and harms of the use of ivermectin (IVM) in COVID-19 patients. METHOD(S): Published and preprint randomized controlled trials (RCTs) assessing IVM effects on COVID-19 adult patients were searched until March 22, 2021 in five engines. Primary outcomes were all-cause mortality, length of stay (LOS), and adverse events (AE). Secondary outcomes included viral clearance and severe AEs. Risk of bias (RoB) was evaluated using Cochrane RoB 2.0 tool. Inverse variance random effect meta-analyses were performed. with quality of evidence (QoE) evaluated using GRADE methodology. RESULT(S): Ten RCTs (n=1173) were included. Controls were standard of care [SOC] in five RCTs and placebo in five RCTs. COVID-19 disease severity was mild in 8 RCTs, moderate in one RCT, and mild and moderate in one RCT. IVM did not reduce all-cause mortality vs. controls (RR 0.37, 95%CI 0.12 to 1.13, very low QoE) or LOS vs. controls (MD 0.72 days, 95%CI -0.86 to 2.29, very low QoE). AEs, severe AE and viral clearance were similar between IVM and controls (all outcomes: low QoE). Subgroups by severity of COVID-19 or RoB were mostly consistent with main analyses; all-cause mortality in three RCTs at high RoB was reduced with IVM. CONCLUSION(S): In comparison to SOC or placebo, IVM did not reduce all-cause mortality, length of stay or viral clearance in RCTs in COVID-19 patients with mostly mild disease. IVM did not have an effect on AEs or severe AEs. IVM is not a viable option to treat COVID-19 patients. Copyright © The Author(s) 2021. Published by Oxford University Press for the Infectious Diseases Society of America. All rights reserved. For permissions, e-mail: journals.permissions@oup.com.",Excluded,,,,,,,,,,
"Ivermectin for Prevention and Treatment of COVID-19 Infection: A Systematic Review, Meta-analysis, and Trial Sequential Analysis to Inform Clinical Guidelines. American Journal of Therapeutics, 28, e434-e460, July 2021",,Excluded,,,,,,,,,,
"Ivermectin for Prevention and Treatment of COVID-19 Infection: A Systematic Review, Meta-analysis, and Trial Sequential Analysis to Inform Clinical Guidelines","BACKGROUND: Repurposed medicines may have a role against the SARS-CoV-2 virus. The antiparasitic ivermectin, with antiviral and anti-inflammatory properties, has now been tested in numerous clinical trials. AREAS OF UNCERTAINTY: We assessed the efficacy of ivermectin treatment in reducing mortality, in secondary outcomes, and in chemoprophylaxis, among people with, or at high risk of, COVID-19 infection. DATA SOURCES: We searched bibliographic databases up to April 25, 2021. Two review authors sifted for studies, extracted data, and assessed risk of bias. Meta-analyses were conducted and certainty of the evidence was assessed using the GRADE approach and additionally in trial sequential analyses for mortality. Twenty-four randomized controlled trials involving 3406 participants met review inclusion. THERAPEUTIC ADVANCES: Meta-analysis of 15 trials found that ivermectin reduced risk of death compared with no ivermectin (average risk ratio 0.38, 95% confidence interval 0.19-0.73; n = 2438; I2 = 49%; moderate-certainty evidence). This result was confirmed in a trial sequential analysis using the same DerSimonian-Laird method that underpinned the unadjusted analysis. This was also robust against a trial sequential analysis using the Biggerstaff-Tweedie method. Low-certainty evidence found that ivermectin prophylaxis reduced COVID-19 infection by an average 86% (95% confidence interval 79%-91%). Secondary outcomes provided less certain evidence. Low-certainty evidence suggested that there may be no benefit with ivermectin for ""need for mechanical ventilation,"" whereas effect estimates for ""improvement"" and ""deterioration"" clearly favored ivermectin use. Severe adverse events were rare among treatment trials and evidence of no difference was assessed as low certainty. Evidence on other secondary outcomes was very low certainty. CONCLUSION(S): Moderate-certainty evidence finds that large reductions in COVID-19 deaths are possible using ivermectin. Using ivermectin early in the clinical course may reduce numbers progressing to severe disease. The apparent safety and low cost suggest that ivermectin is likely to have a significant impact on the SARS-CoV-2 pandemic globally. Copyright © 2021 The Author(s). Published by Wolters Kluwer Health, Inc.",Excluded,,,,,,,,,,
Ivermectin for preventing and treating COVID-19,"Objectives: This is a protocol for a Cochrane Review (intervention). The objectives are as follows:. To assess the efficacy and safety of ivermectin compared to standard of care, placebo, or any other proven intervention (1) for prevention of an infection with SARS-CoV-2 (post-exposure prophylaxis), and (2) for people with COVID-19 receiving treatment as outpatients or inpatients. Copyright © 2021 The Cochrane Collaboration. Published by John Wiley & Sons, Ltd.",Excluded,,,,,,,,,,
Ivermectin for COVID-19: Promising but not yet conclusive,,Excluded,,,,,,,,,,
Ivermectin for Coronavirus Disease 2019: Yet to Be Well Evaluated Before Clinical Use,,Excluded,,,,,,,,,,
Ivermectin docks to the SARS-CoV-2 spike receptor-binding domain attached to ACE2,"Background/Aim: Coronavirus disease 2019 (COVID-19) is an infectious disease caused by severe acute respiratory syndrome coronavirus 2 (SARS-CoV-2). One drug that has attracted interest is the antiparasitic compound ivermectin, a macrocyclic lactone derived from the bacterium Streptomyces avermitilis. We carried out a docking study to determine if ivermectin might be able to attach to the SARS-CoV-2 spike receptor-binding domain bound with ACE2. Material(s) and Method(s): We used the program AutoDock Vina Extended to perform the docking study. Result(s): Ivermectin docked in the region of leucine 91 of the spike and histidine 378 of the ACE2 receptor. The binding energy of ivermectin to the spike-ACE2 complex was -18 kcal/mol and binding constant was 5.8 e-08. Conclusion(s): The ivermectin docking we identified may interfere with the attachment of the spike to the human cell membrane. Clinical trials now underway should determine whether ivermectin is an effective treatment for SARS-Cov2 infection. Copyright © 2020 International Institute of Anticancer Research. All rights reserved.",Excluded,,,,,,,,,,
Ivermectin as an adjunct treatment for hospitalized adult COVID-19 patients: A randomized multi-center clinical trial,"Objective: To evaluate different doses of ivermectin in adult patients with mild COVID-19 and to evaluate the effect of ivermectin on mortality and clinical consequences. Method(s): A randomized, double-blind, placebo-controlled, multicenter clinical trial was performed at five hospitals. A total of 180 mild hospitalized patients with COVID-19 confirmed by PCR or chest image tests were enrolled and allocated to six arms including hydroxychloroquine 200 mg twice per day, placebo plus hydroxychloroquine 200 mg twice per day, single dose ivermectin (200 mug/kg), three low interval doses of ivermectin (200, 200, 200 mug/kg), single dose ivermectin (400 mug/kg), and three high interval doses of ivermectin (400, 200, 200 mug/kg). The primary endpoint of this trial was all-cause of mortality or clinical recovery. The radiographic findings, hospitalization and low O<inf>2</inf>saturation duration, and hematological variables of blood samples were analyzed. Result(s): A total of 16.7% (5/30) and 20.0% (6/30) patients died in arms treated with hydroxychloroquine 200 mg twice per day and placebo plus hydroxychloroquine 200 mg twice per day, respectively, and a reduction in mortality rate in patients receiving ivermectin treatment to 0%, 10%, 0% and 3.3% for arms 1-4 were observed. Risk of mortality was also decreased about 15% in the ivermectin treated arms. Conclusion(s): Ivermectin as an adjunct reduces the rate of mortality, time of low O<inf>2</inf>saturation, and duration of hospitalization in adult COVID-19 patients. The improvement of other clinical parameters shows that ivermectin, with a wide margin of safety, had a high therapeutic effect on COVID-19. Copyright © 2021 Wolters Kluwer Medknow Publications. All rights reserved.",Included,,,,,,,,,,
Ivermectin as a potential treatment for covid-19?,,Excluded,,,,,,,,,,
Ivermectin as a potential therapeutic in COVID-19,,Excluded,,,,,,,,,,
Ivermectin as a potential drug for treatment of COVID-19: an in-sync review with clinical and computational attributes,"Introduction: COVID-19 cases are on surge; however, there is no efficient treatment or vaccine that can be used for its management. Numerous clinical trials are being reviewed for use of different drugs, biologics, and vaccines in COVID-19. A much empirical approach will be to repurpose existing drugs for which pharmacokinetic and safety data are available, because this will facilitate the process of drug development. The article discusses the evidence available for the use of Ivermectin, an anti-parasitic drug with antiviral properties, in COVID-19. Method(s): A rational review of the drugs was carried out utilizing their clinically significant attributes. A more thorough understanding was met by virtual embodiment of the drug structure and realizable viral targets using artificial intelligence (AI)-based and molecular dynamics (MD)-simulation-based study. Conclusion(s): Certain studies have highlighted the significance of ivermectin in COVID-19; however, it requires evidences from more Randomised Controlled Trials (RCTs) and dose- response studies to support its use. In silico-based analysis of ivermectin's molecular interaction specificity using AI and classical mechanics simulation-based methods indicates positive interaction of ivermectin with viral protein targets, which is leading for SARS-CoV 2 N-protein NTD (nucleocapsid protein N-terminal domain). Copyright © 2021, Maj Institute of Pharmacology Polish Academy of Sciences.",Excluded,,,,,,,,,,
Ivermectin as a multifaceted drug in COVID-19: Current insights,,Excluded,,,,,,,,,,
Ivermectin as a broad-spectrum host-directed antiviral: The real deal?,"The small molecule macrocyclic lactone ivermectin, approved by the US Food and Drug Administration for parasitic infections, has received renewed attention in the last eight years due to its apparent exciting potential as an antiviral. It was identified in a high-throughput chemical screen as inhibiting recognition of the nuclear localizing Human Immunodeficiency Virus-1 (HIV-1) integrase protein by the host heterodimeric importin (IMP) alpha/beta1 complex, and has since been shown to bind directly to IMPalpha to induce conformational changes that prevent its normal function in mediating nuclear import of key viral and host proteins. Excitingly, cell culture experiments show robust antiviral action towards HIV-1, dengue virus (DENV), Zika virus, West Nile virus, Venezuelan equine encephalitis virus, Chikungunya virus, Pseudorabies virus, adenovirus, and SARS-CoV-2 (COVID-19). Phase III human clinical trials have been completed for DENV, with >50 trials currently in progress worldwide for SARS-CoV-2. This mini-review discusses the case for ivermectin as a host-directed broad-spectrum antiviral agent for a range of viruses, including SARS-CoV-2. Copyright © 2020 by the authors. Licensee MDPI, Basel, Switzerland.",Excluded,,,,,,,,,,
Ivermectin and outcomes from Covid-19 pneumonia: A systematic review and meta-analysis of randomized clinical trial studies,"Ivermectin is an FDA-approved drug for a parasitic disease that has broad antiviral activity. This study aims to analyse the efficacy of ivermectin in improving the Covid-19 outcomes. We systematically searched the PubMed, Europe PMC and ClinicalTrials.gov database using specific keywords related to our aims until 10th May 2021. All published randomized clinical trial studies on Covid-19 and ivermectin were retrieved. The quality of the study was assessed using Jadad scale assessment tool for clinical trial studies. Statistical analysis was done using Review Manager 5.4 software. A total of 19 studies with 2768 Covid-19 patients were included in this meta-analysis. This meta-analysis showed that ivermectin was associated with reduction in severity of Covid-19 (RR 0.43 [95% CI 0.23-0.81], p = 0.008), reduction of mortality (RR 0.31 [95% CI 0.15-0.62], p = 0.001), higher negative RT-PCR test results rate (RR 1.23 [95% CI 1.01-1.51], p = 0.04), shorter time to negative RT-PCR test results (mean difference [MD] -3.29 [95% CI -5.69, -0.89], p = 0.007), higher symptoms alleviations rate (RR 1.23 [95% CI 1.03-1.46], p = 0.02), shorter time to symptoms alleviations (MD -0.68 [95% CI -1.07, -0.29], p = 0.0007) and shorter time to hospital discharge (MD -2.66 [95% CI -4.49, -0.82], p = 0.004). Our study suggests that ivermectin may offer beneficial effects towards Covid-19 outcomes. More randomized clinical trial studies are still needed to confirm the results of our study. Copyright © 2021 John Wiley & Sons Ltd.",Excluded,,,,,,,,,,
"Ivermectin and mortality in patients with COVID-19: A systematic review, meta-analysis, and meta-regression of randomized controlled trials: Ivermectin and COVID-19","Aims: This systematic review and meta-analysis aims to investigate the effect of ivermectin on mortality in patients with COVID-19. Method(s): A comprehensive systematic literature search was performed using PubMed, Scopus, Embase, and Clinicaltrials.gov from the inception of databases up until April 9, 2021. The intervention group was ivermectin and the control group was standard of care or placebo. The primary outcome was mortality reported as risk ratio (RR). Result(s): There were 9 RCTs comprising of 1788 patients included in this meta-analysis. Ivermectin was associated with decreased mortality (RR 0.39 [95% 0.20-0.74], p = 0.004; I<sup>2</sup>: 58.2%, p = 0.051). Subgroup analysis in patients with severe COVID-19 showed borderline statistical significance towards mortality reduction (RR 0.42 [95% 0.18-1.00], p = 0.052; I<sup>2</sup>: 68.3, p = 0.013). The benefit of ivermectin and mortality was reduced by hypertension (RR 1.08 [95% CI 1.03-1.13], p = 0.001); but was not influenced by age (p = 0.657), sex (p = 0.466), diabetes (p = 0.429). Sensitivity analysis using fixed-effect model showed that ivermectin decreased mortality in general (RR 0.43 [95% CI 0.29-0.62], p < 0.001) and severe COVID-19 subgroup (RR 0.48 [95% CI 0.32-0.72], p < 0.001). Conclusion(s): Ivermectin was associated with decreased mortality in COVID-19 with a low certainty of evidence. Further adequately powered double-blinded placebo-controlled RCTs are required for definite conclusion. Copyright © 2021 Diabetes India",Excluded,,,,,,,,,,
"Ivermectin and mortality in patients with COVID-19: A systematic review, meta-analysis, and meta-regression of randomized controlled trials","AIMS: This systematic review and meta-analysis aims to investigate the effect of ivermectin on mortality in patients with COVID-19.     METHODS: A comprehensive systematic literature search was performed using PubMed, Scopus, Embase, and Clinicaltrials.gov from the inception of databases up until April 9, 2021. The intervention group was ivermectin and the control group was standard of care or placebo. The primary outcome was mortality reported as risk ratio (RR).     RESULTS: There were 9 RCTs comprising of 1788 patients included in this meta-analysis. Ivermectin was associated with decreased mortality (RR 0.39 [95% 0.20-0.74], p = 0.004; I<sup>2</sup>: 58.2%, p = 0.051). Subgroup analysis in patients with severe COVID-19 showed borderline statistical significance towards mortality reduction (RR 0.42 [95% 0.18-1.00], p = 0.052; I<sup>2</sup>: 68.3, p = 0.013). The benefit of ivermectin and mortality was reduced by hypertension (RR 1.08 [95% CI 1.03-1.13], p = 0.001); but was not influenced by age (p = 0.657), sex (p = 0.466), diabetes (p = 0.429). Sensitivity analysis using fixed-effect model showed that ivermectin decreased mortality in general (RR 0.43 [95% CI 0.29-0.62], p < 0.001) and severe COVID-19 subgroup (RR 0.48 [95% CI 0.32-0.72], p < 0.001).     CONCLUSIONS: Ivermectin was associated with decreased mortality in COVID-19 with a low certainty of evidence. Further adequately powered double-blinded placebo-controlled RCTs are required for definite conclusion.",Excluded,,,,,,,,,,
Ivermectin and COVID-19: Keeping rigor in times of urgency,,Excluded,,,,,,,,,,
"Ivermectin and COVID-19: A report in Antiviral Research, widespread interest, an FDA warning, two letters to the editor and the authors' responses",,Excluded,,,,,,,,,,
Ivermectin and covid-19,,Excluded,,,,,,,,,,
"Ivermectin also inhibits the replication of bovine respiratory viruses (BRSV, BPIV-3, BoHV-1, BCoV and BVDV) in vitro","Bovine respiratory disease (BRD) complex is an important viral infection that causes huge economic losses in cattle herds worldwide. However, there is no directly effective antiviral drug application against respiratory viral pathogens; generally, the metaphylactic antibacterial drug applications are used for BRD. Ivermectin (IVM) is currently used as a broad-spectrum anti-parasitic agent both for veterinary and human medicine on some occasions. Moreover, since it is identified as an inhibitor for importin alpha/beta-mediated nuclear localization signal (NLS), IVM is also reported to have antiviral potential against several RNA and DNA viruses. Since therapeutic use of IVM in COVID-19 cases has recently been postulated, the potential antiviral activity of IVM against bovine respiratory viruses including BRSV, BPIV-3, BoHV-1, BCoV and BVDV are evaluated in this study. For these purposes, virus titration assay was used to evaluate titers in viral harvest from infected cells treated with non-cytotoxic IVM concentrations (1, 2.5 and 5 muM) and compared to titers from non-treated infected cells. This study indicated that IVM inhibits the replication of BCoV, BVDV, BRSV, BPIV-3 and BoHV-1 in a dose-dependent manner in vitro as well as number of extracellular infectious virions. In addition, it was demonstrated that IVM has no clear effect on the attachment and penetration steps of the replication of the studied viruses. Finally, this study shows for the first time that IVM can inhibit infection of BRD-related viral agents namely BCoV, BPIV-3, BVDV, BRSV and BoHV-1 at the concentrations of 2.5 and 5 muM. Consequently, IVM, which is licensed for antiparasitic indications, also deserves to be evaluated as a broad-spectrum antiviral in BRD cases caused by viral pathogens. Copyright © 2021 Elsevier B.V.",Excluded,,,,,,,,,,
Ivermectin against COVID-19: The unprecedented consequences in Latin America,,Excluded,,,,,,,,,,
Ivermectin & COVID-19: Let's keep a One Health perspective,"Despite uncertainty about its clinical benefit, ivermectin has been used for COVID 19, even in prophylaxis. The European Medicines Agency (EMA) has advised against its use for the prevention or treatment of COVID-19 outside randomised clinical trials. Although the potential negative environmental effects of ivermectin have been widely recognised when used in veterinary medicine, scarce attention has been devoted to the potential ecotoxicological impact of human use. We believe is time to include One Health's philosophy in our daily practice. In the specific case of ivermectin & COVID 19, environmental aspects should also be on the table. Copyright © 2021 Elsevier B.V.",Excluded,,,,,,,,,,
Is ivermectin ready to be part of a public health policy for COVID-19 prophylaxis?,,Excluded,,,,,,,,,,
Interventions in an Ambulatory Setting to Prevent Progression to Severe Disease in Patients With COVID-19: A Systematic Review,"Objective: To conduct a systematic review on the effectiveness and safety of pharmacological and nonpharmacological interventions, in the ambulatory setting, aimed at preventing severe disease in patients with COVID-19. Data Sources: Electronic databases (PubMed, EMBASE, and EuropePMC) were searched on January 6, 2021. Study Selection and Data Extraction: A systematic review was conducted, adhering to PRISMA guidelines. The quality of individual trials was assessed using the Cochrane Risk-of-Bias Tool 2, and the certainty of evidence was assessed using GRADE. Data Synthesis: The collective search retrieved 3818 citations. Eight trials relating to 9 pharmacological interventions were identified. No evidence for nonpharmacological interventions was identified. Low certainty evidence of effectiveness in preventing severe disease was found for fluvoxamine (absolute difference: -8.7%; 95% CI: -1.8% to -16.4%) and bamlanivimab plus etesevimab (absolute difference: -4.9%; 95% CI: -0.8% to -8.9%). Both trials were limited by small sample sizes and short durations of follow-up. In addition, very low certainty evidence of effect was found for ivermectin plus doxycycline and sulodexide. Based on published data, insufficient evidence of effect was found for bamlanivimab (monotherapy), casirivimab plus imdevimab, ivermectin (monotherapy), nitazoxanide, and peginterferon lambda. Relevance to Patient Care and Clinical Practice: This review assessed all ambulatory treatments for COVID-19 that may improve patient outcomes and reduce hospitalizations. Conclusion(s): Recent trials have shown promising results for a number of pharmacological agents to treat COVID-19 in the ambulatory setting. However, larger, more robust trials are needed to support the routine use of these agents outside of monitored clinical trials. Copyright © The Author(s) 2021.",Excluded,,,,,,,,,,
Interactions of potential anti-COVID-19 compounds with multispecific ABC and OATP drug transporters,"During the COVID-19 pandemic, several repurposed drugs have been proposed to alleviate the major health effects of the disease. These drugs are often applied with analgesics or non-steroid anti-inflammatory compounds, and co-morbid patients may also be treated with anticancer, cholesterol-lowering, or antidiabetic agents. Since drug ADME-tox properties may be significantly affected by multispecific transporters, in this study, we examined the interactions of the repurposed drugs with the key human multidrug transporters present in the major tissue barriers and strongly affecting the pharmacokinetics. Our in vitro studies, using a variety of model systems, explored the interactions of the antimalarial agents chloroquine and hydroxychloroquine; the antihelmintic ivermectin; and the proposed antiviral compounds ritonavir, lopinavir, favipiravir, and remdesivir with the ABCB1/Pgp, ABCG2/BCRP, and ABCC1/MRP1 exporters, as well as the organic anion-transporting polypeptide (OATP)2B1 and OATP1A2 uptake transporters. The results presented here show numerous pharmacologically relevant transporter interactions and may provide a warning on the potential toxicities of these repurposed drugs, especially in drug combinations at the clinic. Copyright © 2021 by the authors. Licensee MDPI, Basel, Switzerland.",Excluded,,,,,,,,,,
Inhaled route and anti-inflammatory action of ivermectin: Do they hold promise in fighting against COVID-19?,"In an effort to curb the global pandemic due to coronavirus, the scientific community is exploring various treatment strategies with a special emphasis on drug repurposing. Ivermectin, an anti-helminthic drug is also being proposed for treatment and prevention of COVID-19. Ivermectin has demonstrated broad spectrum antiviral activity against both DNA and RNA viruses. Due to its potential to interfere with transport of SARS-CoV-2 nucleocapsid protein to nucleus, it is being proposed to have antiviral activity against this virus as well which has been confirmed in an in-vitro study. However, in-vitro to in-vivo extrapolation studies indicate an inability to achieve the desired IC50 levels of ivermectin after oral administration of doses up to 10 times higher than the approved anti-helminthic dose. In a modelling simulation study, drug accumulation in the lungs was noticed at levels having potential antiviral activity. It is hypothesised that inhaled formulation of ivermectin may be effective against SARS-CoV-2. Therefore, ivermectin administered via inhalational route needs to be explored for potential beneficial role in COVID-19 in preclinical and clinical studies. We also hypothesise the possibility of drug having anti-inflammatory action in coronavirus associated severe respiratory illness based on few in-vitro and in-vivo reports which however needs to be confirmed clinically. Copyright © 2020 Elsevier Ltd",Excluded,,,,,,,,,,
Influence of the SARS-COV-2 Pandemic on Bone Marrow Transplantation Centers and the Protocols Adopted in Brazil between May and June 2020,"Background: During COVID-19 pandemic, Hematopoietic Stem Cell Transplantation Centers (HSCT) as well as other entities of onco-hematological treatment faced the challenge of continuing therapy. Method(s): This is a cross-sectional study carried out from May to June 2020, through the application of a prestructured questionnaire of 14 questions about the possible interventions carried out in the HSCT units in the face of the COVI-19 pandemic. The project was approved by the Research Committee of the Walter Cantidio University Hospital (HUWC), in Fortaleza, Brazil, Before completing the questionnaire, those responsible for completing it signed a digital consent form, aiming to ensure the confidentiality, veracity, and security of the information. The questionnaire was published on the website of the Brazilian Society of Bone Marrow Transplantation (SBTMO) to be filled in by the technical health officials of the Brazilian HSCT units. Data were collected using the Google Forms application and analyzed using the Excel program. Result(s): Table 1: Topics analyzed in the questionnaire From the 86 qualified centers in Brazil, 51 centers (59.3%) answered the questionnaire in May, which represents approximately 85% of all adult and pediatric transplants performed in Brazil. In June, 52 centers (60.4%) answered the questionnaire. In May, 4% of the centers interrupted the HSCT program and 12.2% maintained their operation without reduction. In most of them, there was a decrease in the number of HSCT, varying from 50% to 75% of the typical number in 59.2% of all centers. In June, this variation was 79.2%. The orientation for testing the donor and the asymptomatic patient in the pre-HSCT assessment was initially the main reason for discussion in the country, since the exams were not easily available. In May (88.2%) and in June (88.5%) RT-PCR exam collection was the greatest difficulty, due to the absence of tests or even an adequate place for the collection of samples. The most common symptoms reported were fever, cough, anosmia and headache. The treatment was performed with azithromycin (75%), hydroxychloroquine (55%), corticosteroids and ivermectin (both 15%). The use of immunosuppressants was maintained in 38.1% of the cases, decreased in 19% and discontinued in 14.3%. Conclusion(s): The results reveal the vulnerability of patients with onco-hematological diseases to infection by COVID-19, specially during the HSCT procedures. Most of centers report they are following the coping recommendations proposed by scientific societies and are reducing the number of procedures during the pandemic. The current profile in Brazilian HSCT centers, related to the recommendations for coping with COVID-19 infection, will assist in making public policy decisions in a country such as Brazil, which suffers from increasing numbers of infection and rationalizing HSCT, so that patients who have urgency in their procedures are not harmed.",Excluded,,,,,,,,,,
Increase in Outpatient Ivermectin Dispensing in the US During the COVID-19 Pandemic: A Cross-Sectional Analysis,,Excluded,,,,,,,,,,
Inclusion of pregnant women in COVID-19 treatment trials: a review and global call to action,"Inclusion of pregnant women in COVID-19 clinical trials would allow evaluation of effective therapies that might improve maternal health, pregnancy, and birth outcomes, and avoid the delay of developing treatment recommendations for pregnant women. We explored the inclusion of pregnant women in treatment trials of COVID-19 by reviewing ten international clinical trial registries at two timepoints in 2020. We identified 155 COVID-19 treatment studies of non-biological drugs for the April 7-10, 2020 timepoint, of which 124 (80%) specifically excluded pregnant women. The same registry search for the July 10-15, 2020 timepoint, yielded 722 treatment studies, of which 538 (75%) specifically excluded pregnant women. We then focused on studies that included at least one of six drugs (remdesivir, lopinavir-ritonavir, interferon beta, corticosteroids, chloroquine and hydroxychloroquine, and ivermectin) under evaluation for COVID-19. Of 176 such studies, 130 (74%) listed pregnancy as an exclusion criterion. Of 35 studies that evaluated high-dose vitamin treatment for COVID-19, 27 (77%) excluded pregnant women. Despite the surge in treatment studies for COVID-19, the proportion excluding pregnant women remains consistent. Exclusion was not well justified as many of the treatments being evaluated have no or low safety concerns during pregnancy. Inclusion of pregnant women in clinical treatment trials is urgently needed to identify effective COVID-19 treatment for this population. Copyright © 2021 The Author(s). Published by Elsevier Ltd. This is an Open Access article under the CC BY-NC-ND 4.0 license",Excluded,,,,,,,,,,
An in-silico analysis of ivermectin interaction with potential SARS-CoV-2 targets and host nuclear importin α,"Ivermectin (IVM) is a broad-spectrum antiparasitic agent, having inhibitory potential against wide range of viral infections. It has also been found to hamper SARS-CoV-2 replication in vitro, and its precise mechanism of action against SARS-CoV-2 is yet to be understood. IVM is known to interact with host importin (IMP)α directly and averts interaction with IMPβ1, leading to the prevention of nuclear localization signal (NLS) recognition. Therefore, the current study seeks to employ molecular docking, molecular mechanics generalized Born surface area (MM-GBSA) analysis and molecular dynamics simulation studies for decrypting the binding mode, key interacting residues as well as mechanistic insights on IVM interaction with 15 potential drug targets associated with COVID-19 as well as IMPα. Among all COVID-19 targets, the non-structural protein 9 (Nsp9) exhibited the strongest affinity to IVM showing -5.30 kcal/mol and -84.85 kcal/mol binding energies estimated by AutoDock Vina and MM-GBSA, respectively. However, moderate affinity was accounted for IMPα amounting -6.9 kcal/mol and -66.04 kcal/mol. Stability of the protein-ligand complexes of Nsp9-IVM and IMPα-IVM was ascertained by 100 ns trajectory of all-atom molecular dynamics simulation. Structural conformation of protein in complex with docked IVM exhibited stable root mean square deviation while root mean square fluctuations were also found to be consistent. In silico exploration of the potential targets and their interaction profile with IVM can assist experimental studies as well as designing of COVID-19 drugs.",Excluded,,,,,,,,,,
An in-silico analysis of ivermectin interaction with potential SARS-CoV-2 targets and host nuclear importin alpha,"Ivermectin (IVM) is a broad-spectrum antiparasitic agent, having inhibitory potential against wide range of viral infections. It has also been found to hamper SARS-CoV-2 replication in vitro, and its precise mechanism of action against SARS-CoV-2 is yet to be understood. IVM is known to interact with host importin (IMP)alpha directly and averts interaction with IMPbeta1, leading to the prevention of nuclear localization signal (NLS) recognition. Therefore, the current study seeks to employ molecular docking, molecular mechanics generalized Born surface area (MM-GBSA) analysis and molecular dynamics simulation studies for decrypting the binding mode, key interacting residues as well as mechanistic insights on IVM interaction with 15 potential drug targets associated with COVID-19 as well as IMPalpha. Among all COVID-19 targets, the non-structural protein 9 (Nsp9) exhibited the strongest affinity to IVM showing -5.30 kcal/mol and -84.85 kcal/mol binding energies estimated by AutoDock Vina and MM-GBSA, respectively. However, moderate affinity was accounted for IMPalpha amounting -6.9 kcal/mol and -66.04 kcal/mol. Stability of the protein-ligand complexes of Nsp9-IVM and IMPalpha-IVM was ascertained by 100 ns trajectory of all-atom molecular dynamics simulation. Structural conformation of protein in complex with docked IVM exhibited stable root mean square deviation while root mean square fluctuations were also found to be consistent. In silico exploration of the potential targets and their interaction profile with IVM can assist experimental studies as well as designing of COVID-19 drugs. Communicated by Ramaswamy H. Sarma. Copyright © 2020 Informa UK Limited, trading as Taylor & Francis Group.",Excluded,,,,,,,,,,
In vitro data of current therapies for SARS-CoV-2,"Background: In December 2019, a new coronavirus, named Severe Acute Respiratory Syndrome Coronavirus 2 (SARS-CoV-2), emerged from China, causing pneumonia outbreaks first in the Wuhan region and then spread worldwide. Due to a lack of efficient and specific treatments and the need to contain the epidemic, drug repurposing appears to be the most efficient tool to find a therapeutic solution. Objective(s): The aim of this study was to summarize in vitro data of current agents used for the management of SARS-CoV-2 all over the world. Method(s): A literature search of articles from January 2000 until April 2020 was performed using MEDLINE, EMBASE and the Cochrane Library to assess in vitro data of current or pu-tative therapies for SARS-CoV-2. Result(s): Although in vitro studies are scarce, data regarding chloroquine, hydroxychloro-quine, remdesivir, nitazoxanide, teicoplanin, ivermectin, lopinavir, homoharringtonine, and emetine seem promising. Conclusion(s): Scientists all over the world should work together and increase their efforts in order to find feasible and efficient solutions against this new global viral threat. Copyright © 2020 Bentham Science Publishers.",Excluded,,,,,,,,,,
In silico studies of selected multi-drug targeting against 3CLpro and nsp12 RNA-dependent RNA-polymerase proteins of SARS-CoV-2 and SARS-CoV,"An outbreak of a cluster of viral pneumonia cases, subsequently identified as coronavirus disease 2019 (COVID-19), due to a novel SARS-CoV-2 necessitates an urgent need for a vaccine to prevent infection or an approved medication for a cure. In our in silico molecular docking study, a total of 173 compounds, including FDA-approved antiviral drugs, with good ADME descriptors, and some other nucleotide analogues were screened. The results show that these compounds demonstrate strong binding affinity for the residues at the active sites of RNA-dependent RNA-polymerase (RdRp) modelled structures and Chymotrypsin-like cysteine protease (3CLpro) of the HCoV proteins. Free energies (DELTAG's) of binding for SARS-CoV-2 and SARS-CoV RdRp range from - 5.4 to - 8.8 kcal/mol and - 4.9 to - 8.7 kcal/mol, respectively. Also, SARS-CoV-2 and SARS-CoV 3CLpro gave DELTAG values ranging from - 5.1 to - 8.4 kcal/mol and - 5.5 to - 8.6 kcal/mol, respectively. Interesting results are obtained for ivermectin, an antiparasitic agent with broad spectrum activity, which gave the highest binding energy value (- 8.8 kcal/mol) against the 3CLpro of SARS-CoV-2 and RdRps of both SARS-CoV and SARS-CoV-2. The reason for such high binding energy values is probably due to the presence of hydroxy, methoxy and sugar moieties in its structure. The stability of the protein-ligand complexes of polymerase inhibitors considered in this investigation, such as Sofosbuvir, Remdesivir, Tenofovir, Ribavirin, Galidesivir, 5c3, 5h1 and 7a1, show strong to moderate hydrogen bonding and hydrophobic interactions (pi-pi stacked, pi-pi T-shaped, pi-sigma and pi-alkyl). The stability provided from such interactions translate into greater antiviral activity or inhibitory effect of the ligands. Assessment of the average free energies of binding of the FDA approved drugs are highly comparable for conformers of a particular inhibitor, indicating similar modes of binding within the pockets. Copyright © 2021, The Author(s), under exclusive licence to Springer-Verlag GmbH Austria, part of Springer Nature.",Excluded,,,,,,,,,,
Immunosuppression in kidney transplant recipients with COVID-19 infection-where do we stand and where are we heading?,"The appropriate immunosuppressive regimen in kidney transplant recipients with severe acute respiratory syndrome coronavirus-2 (SARS-CoV-2/COVID-19) infection remains unclear. The impact of direct virus injury complicated by dysregulated hyperimmune response with overwhelming release of various cytokines in COVID-19 infected subjects contributes to the complexity of management. The largest concern of the practicing clinicians at current time is how to tailor maintenance immune-modulating therapy during active viral infection and the efficacy of the soon-to-be upcoming immunization for COVID-19. This targeted review aims to cover most of the current evidence on the effect of key maintenance immunosuppressive agents in COVID-19 infection and proposes a line of management to specific scenarios on this very rapidly evolving subject. Copyright © 2021 The Author(s). Published by Informa UK Limited, trading as Taylor & Francis Group.",Excluded,,,,,,,,,,
Identification of Main Protease of Coronavirus SARS-CoV-2 (Mpro)Inhibitors from Melissa officinalis,"BACKGROUND: The recent outbreak of Coronavirus SARS-CoV-2 (Covid-19) which has rapidly spread around the world in about three months with tens of thousands of deaths recorded so far is a global concern. An urgent need for potential therapeutic intervention is of necessity. Mpro is an attractive druggable target for the development of anti-COVID-19 drug development. Compounds previously characterized from Melissa officinalis were queried against main protease of coronavirus SARS-CoV-2 using computational approach. RESULT(S): Melitric acid A and salvanolic acid A had higher affinity than lopinavir and ivermectin using both AutodockVina and XP docking algorithms. The computational approach was employed in the generation of QSAR model using automated QSAR, and in the docking of ligands from Melissa officinalis with SARS-CoV-2 Mpro inhibitors. The best model obtained was KPLS_Radial_28 (R2 = 0.8548 and Q2=0.6474, and was used in predicting the bioactivity of the lead compounds. Molecular mechanics based MM-GBSA confirmed salvanolic acid A as the compound with the highest free energy and predicted bioactivity of 4.777; it interacted with His-41 of the catalytic dyad (Cys145-His41) of SARS-CoV-2 main protease (Mpro), as this may hinder the cutting of inactive viral protein into active ones capable of replication. CONCLUSION(S): Salvanolic acid A can be further evaluated as potential Mpro inhibitor. Copyright© Bentham Science Publishers; For any queries, please email at epub@benthamscience.net.",Excluded,,,,,,,,,,
Identification of Main Protease of Coronavirus SARS-CoV-2 (M<sup>pro</sup>) Inhibitors from Melissa officinalis,"BACKGROUND: The recent outbreak of Coronavirus SARS-CoV-2 (Covid-19), which has rapidly spread around the world in about three months with tens of thousands of deaths recorded so far is a global concern. An urgent need for potential therapeutic intervention is of necessity. M<sup>pro</sup> is an attractive druggable target for the development of anti-COVID-19 drug development.     METHODS: Compounds previously characterized by Melissa officinalis were queried against the main protease of coronavirus SARS-CoV-2 using a computational approach.     RESULTS: Melitric acid A and salvanolic acid A had higher affinity than lopinavir and ivermectin using both AutodockVina and XP docking algorithms. The computational approach was employed in the generation of the QSAR model using automated QSAR, and in the docking of ligands from Melissa officinalis with SARS-CoV-2 Mpro inhibitors. The best model obtained was KPLS_Radial_ 28 (R<sup>2</sup> = 0.8548 and Q<sup>2</sup>=0.6474, which was used in predicting the bioactivity of the lead compounds. Molecular mechanics based MM-GBSA confirmed salvanolic acid A as the compound with the highest free energy and predicted bioactivity of 4.777; it interacted with His-41 of the catalytic dyad (Cys145-His41) of SARS-CoV-2 main protease (M<sup>pro</sup>), as this may hinder the cutting of inactive viral protein into active ones capable of replication.     CONCLUSION: Salvanolic acid A can be further evaluated as a potential M<sup>pro</sup> inhibitor.",Excluded,,,,,,,,,,
Identification of 3-chymotrypsin like protease (3CLPro) inhibitors as potential anti-SARS-CoV-2 agents,"Emerging outbreak of severe acute respiratory syndrome coronavirus-2 (SARS-CoV-2) infection is a major threat to public health. The morbidity is increasing due to lack of SARS-CoV-2 specific drugs. Herein, we have identified potential drugs that target the 3-chymotrypsin like protease (3CLpro), the main protease that is pivotal for the replication of SARS-CoV-2. Computational molecular modeling was used to screen 3987 FDA approved drugs, and 47 drugs were selected to study their inhibitory effects on SARS-CoV-2 specific 3CLpro enzyme in vitro. Our results indicate that boceprevir, ombitasvir, paritaprevir, tipranavir, ivermectin, and micafungin exhibited inhibitory effect towards 3CLpro enzymatic activity. The 100ns molecular dynamics simulation studies showed that ivermectin may require homodimeric form of 3CLpro enzyme for its inhibitory activity. In summary, these molecules could be useful to develop highly specific therapeutically viable drugs to inhibit the SARS-CoV-2 replication either alone or in combination with drugs specific for other SARS-CoV-2 viral targets.",Excluded,,,,,,,,,,
Hydroxychloroquine and ivermectin: A synergistic combination for COVID-19 chemoprophylaxis and treatment?,,Included,,,,,,,,,,
How trustworthy guidelines can impact outcomes,"PURPOSE OF REVIEW: If developed using rigorous methods and produced in a timely manner, clinical practice guidelines have the potential to improve patient outcomes. Although the COVID-19 pandemic has highlighted the challenges involved in generating reliable clinical guidance, it has also provided an opportunity to address these challenges. RECENT FINDINGS: New research addressing drugs for COVID-19 is being produced at unprecedented rates. Incorporating this new knowledge into patient care can be daunting for the average clinician. In collaboration with the BMJ and MAGIC, the WHO has developed a living guideline initiative with the goal of providing rapid and trustworthy clinical guidance in response to practice-changing evidence. As new evidence becomes available, it is incorporated into a living network meta-analysis that informs these guidelines, which are iteratively updated. Until this point, the group has generated guidelines addressing the use of corticosteroids, remdesivir, hydroxychloroquine, lopinavir/ritonavir, and ivermectin for COVID-19. SUMMARY: We provide an example of how rapid and rigorous guidelines can be accomplished, even in the setting of a pandemic, capitalizing on expertise, large and dedicated teams, and focused scope. We highlight the benefits of multifaceted knowledge dissemination through multiple formats to ensure global dissemination and in order to maximize impact. Copyright © Copyright © 2021 YEAR Wolters Kluwer Health, Inc. All rights reserved.",Excluded,,,,,,,,,,
"The History of Methylprednisolone, Ascorbic Acid, Thiamine, and Heparin Protocol and I-MASK+ Ivermectin Protocol for COVID-19","An alliance of established experts on critical care, Front Line COVID-19 Critical Care Alliance (FLCCC), has published two protocols for treatment of COVID-19. The first one, methylprednisolone, ascorbic acid, thiamine, and heparin (MATH+), is intended for hospital and intensive care unit treatment of pulmonary phases of the disease. It is based on affordable, commonly available components: anti-inflammatory corticosteroids (methylprednisolone, ""M""), high-dose vitamin C infusion (ascorbic acid, ""A""), vitamin B1 (thiamine, ""T""), anticoagulant heparin (""H""), antiparasitic agent ivermectin, and supplemental components (""+"") including melatonin, vitamin D, elemental zinc, and magnesium. The MATH+ protocol has received scarce attention due to the World Health Organization (WHO) advising against the use of corticosteroids in the beginning of the pandemic. In addition, randomized controlled clinical trials were required as a condition for adoption of the protocol. As the hospital mortality rate of MATH+ treated patients was approximately a quarter of the rate of patients receiving a standard of care, the authors of the protocol considered performing such trials unethical. Other parties have later performed clinical trials with corticosteroids and anticoagulants, which has led to a more widespread adoption of these components. In October 2020, ivermectin was upgraded from an optional component to an essential component of the protocol. According to the authors, ivermectin is considered the first agent effective for both prophylaxis (prevention) of COVID-19 and for treatment of all phases of COVID-19 including outpatient treatment of the early symptomatic phase. Therefore, at the end of October 2020, a separate ivermectin-based I-MASK+ protocol for prophylaxis and early outpatient treatment of COVID-19 was published.",Excluded,,,,,,,,,,
Guidelines for clinical management of sars-cov-2 infection. [Spanish],"In SARS-CoV-2 infection (COVID-19), the most common manifestations involve the upper airways; in complicated cases, bilateral interstitial pneumonia, severe acute respiratory failure and multiple organ failure occur, which require hospital treatment and ventilatory support with nasal cannula or mask and high flow oxygen, or orotracheal intubation and mechanical ventilation. There are no specific antivirals, and thus management is symptomatic, as well as with antiplatelet drugs (acetylsalicylic acid, dipyridamole), low molecular weight heparin when there is hypercoagulability (increased D-dimer), dexamethasone when inflammation indicators are elevated; experimentally, under informed consent, antibiotics are used according to microbiological results, as well as interferon beta 1b, favipiravir, tocilizumab, ivermectin and immunoglobulin G. When gastroenteritis occurs, nitazoxanide can be indicated. Copyright © 2019 Academia Nacional de Medicina de Mexico, A.C. Publicado por Permanyer.",Excluded,,,,,,,,,,
Guidelines for clinical management of SARS-CoV-2 infection,"In SARS-CoV-2 infection (COVID-19), the most common manifestations involve the upper airways; in complicated cases, bilateral interstitial pneumonia, severe acute respiratory failure and multiple organ failure occur, which require hospital treatment and ventilatory support with nasal cannula or mask and high flow oxygen, or orotracheal intubation and mechanical ventilation. There are no specific antivirals, and thus management is symptomatic, as well as with antiplatelet drugs (acetylsalicylic acid, dipyridamole), low molecular weight heparin when there is hypercoagulability (increased D-dimer), dexamethasone when inflammation indicators are elevated; experimentally, under informed consent, antibiotics are used according to microbiological results, as well as interferon beta 1b, favipiravir, tocilizumab, ivermectin and immunoglobulin G. When gastroenteritis occurs, nitazoxanide can be indicated.     En infeccion por SARS-CoV-2 (COVID-19), las manifestaciones mas comunes son las de vias aereas superiores; en casos complicados se presenta neumonia intersticial bilateral, insuficiencia respiratoria aguda grave y falla organica multiple que ameritan tratamiento hospitalario y soporte ventilatorio por puntas nasales o mascarilla, asi como oxigeno con flujo a presion alta o intubacion orotraqueal y ventilacion mecanica. No hay antivirales especificos por lo que el manejo es sintomatico, asi como con antiplaquetarios (acido acetilsalicilico, dipiridamol), heparina de bajo peso molecular ante hipercoagulabilidad (dimero D aumentado), dexametasona ante indicadores altos de inflamacion. Previo consentimiento informado, experimentalmente se emplean antibioticos segun los resultados microbiologicos, interferon beta 1b, favipiravir, tocilizumab, ivermectina e inmunoglobulina G. Cuando se presenta gastroenteritis se puede indicar nitazoxanida.",Excluded,,,,,,,,,,
A Global Early Empirical Therapy Randomized Study Design for Ivermectin in SARS-CoV-2 Infection,,Excluded,,,,,,,,,,
From hydroxychloroquine to ivermectin: what are the anti-viral properties of anti-parasitic drugs to combat SARS-CoV-2?,"BACKGROUND: Nearly a year into the COVID-19 pandemic, we still lack effective anti-SARS-CoV-2 drugs with substantial impact on mortality rates except for dexamethasone. As the search for effective antiviral agents continues, we aimed to review data on the potential of repurposing antiparasitic drugs against viruses in general, with an emphasis on coronaviruses. METHOD(S): We performed a review by screening in vitro and in vivo studies that assessed the antiviral activity of several antiparasitic agents: chloroquine, hydroxychloroquine (HCQ), mefloquine, artemisinins, ivermectin, nitazoxanide (NTZ), niclosamide, atovaquone and albendazole. RESULT(S): For HCQ and chloroquine we found ample in vitro evidence of antiviral activity. Cohort studies that assessed the use of HCQ for COVID-19 reported conflicting results, but randomized controlled trials (RCTs) demonstrated no effect on mortality rates and no substantial clinical benefits of HCQ used either for prevention or treatment of COVID-19. We found two clinical studies of artemisinins and two studies of NTZ for treatment of viruses other than COVID-19, all of which showed mixed results. Ivermectin was evaluated in one RCT and few observational studies, demonstrating conflicting results. As the level of evidence of these data is low, the efficacy of ivermectin against COVID-19 remains to be proven. For chloroquine, HCQ, mefloquine, artemisinins, ivermectin, NTZ and niclosamide, we found in vitro studies showing some effects against a wide array of viruses. We found no relevant studies for atovaquone and albendazole. CONCLUSION(S): As the search for an effective drug active against SARS-CoV-2 continues, we argue that pre-clinical research of possible antiviral effects of compounds that could have antiviral activity should be conducted. Clinical studies should be conducted when sufficient in vitro evidence exists, and drugs should be introduced into widespread clinical use only after being rigorously tested in RCTs. Such a search may prove beneficial in this pandemic or in outbreaks yet to come. Copyright © International Society of Travel Medicine 2021. Published by Oxford University Press. All rights reserved. For Permissions, please e-mail: journals.permissions@oup.com.",Excluded,,,,,,,,,,
Frequency and characteristics of Covid-19 infection in rheumatic patients-an online survey from Bangladesh,"Background: Occurrence of Covid-19 infection in rheumatic patients and their evaluation are of global interest. The purpose of this study was to determine the frequency, presentation and outcome of treatment in rheumatic patients suffered from Covid-19 infection. Method(s): A total 167 patients of both genders from different parts of Bangladesh who had attended for online consultancy from 13<sup>th</sup> Jun to 5<sup>th</sup> July 2020 were enrolled. The WHO criteria of Covid-19 and severity scoring tools were used for diagnosis and assessment of severity respectively. Information on the occurrence of Covid-19 infection, presentations and outcome of treatment was collected during and follow up online consultancy. Result(s): Out of 167 subjects 54 men and 113 women. The Covid-19 infection was in 7.78% (4 men and 9 women) subjects (9 RT-PCR positive and 3 suspected). Four subjects in 50-59 years (2 severe, 1 moderate and 1 mild cases) and 1 in > 60 years (critical). Common symptoms were fever 13 (100%), dry cough 11 (84.61%), sore throat 10 (76.92%), shortness of breath 7 (53.84%). The HRCT of chest was done in 6 subjects, 4 (66.67%) had ground glass opacities with pulmonary fibrosis. Lab reports were obtained from 10 subjects out of them high CRP, leucopenia, lymphopenia and positive D-dimer was in 70%, 20%, 30% and 10% respectively. Rheumatic diseases were SpA (7), RA (2), SLE (1) and OA (3). Associated comorbidities were DM (5), HTN (5) and bronchial asthma (4). Three subjects were on tofacitinib, 5 patients were on single drug (etanercept, methotrexate, sulphasalazine, hydroxychloroquine and leflunomide). For Covid-19, 10 subject received azthromycin (7), ivermectin (4), doxycycline (3), hydroxychloroquine (7), dexamethasone (5), enoxaparin (6), rivarox (1), favipiravir (5) and remdesivir (1). Conclusion(s): Covid-19 infection in rheumatic patients are not uncommon. Preventive or curative role of some antirheumatic drugs demands further study.",Excluded,,,,,,,,,,
Flawed ivermectin preprint highlights challenges of COVID drug studies,,Excluded,,,,,,,,,,
A Five-day Course of Ivermectin may Reduce the Duration of COVID-19 Illness,,Included,,,,,,,,,,
A five-day course of ivermectin for the treatment of COVID-19 may reduce the duration of illness,"Ivermectin, a US Food and Drug Administration-approved anti-parasitic agent, was found to inhibit severe acute respiratory syndrome coronavirus 2 (SARS-CoV-2) replication in vitro. A randomized, double-blind, placebo-controlled trial was conducted to determine the rapidity of viral clearance and safety of ivermectin among adult SARS-CoV-2 patients. The trial included 72 hospitalized patients in Dhaka, Bangladesh, who were assigned to one of three groups: oral ivermectin alone (12 mg once daily for 5 days), oral ivermectin in combination with doxycycline (12 mg ivermectin single dose and 200 mg doxycycline on day 1, followed by 100 mg every 12 h for the next 4 days), and a placebo control group. Clinical symptoms of fever, cough, and sore throat were comparable among the three groups. Virological clearance was earlier in the 5-day ivermectin treatment arm when compared to the placebo group (9.7 days vs 12.7 days; p = 0.02), but this was not the case for the ivermectin + doxycycline arm (11.5 days; p = 0.27). There were no severe adverse drug events recorded in the study. A 5-day course of ivermectin was found to be safe and effective in treating adult patients with mild COVID-19. Larger trials will be needed to confirm these preliminary findings. Copyright © 2020 The Authors",Included,,,,,,,,,,
The FDA-approved drug ivermectin inhibits the replication of SARS-CoV-2 in vitro,"Although several clinical trials are now underway to test possible therapies, the worldwide response to the COVID-19 outbreak has been largely limited to monitoring/containment. We report here that Ivermectin, an FDA-approved anti-parasitic previously shown to have broad-spectrum anti-viral activity in vitro, is an inhibitor of the causative virus (SARS-CoV-2), with a single addition to Vero-hSLAM cells 2 h post infection with SARS-CoV-2 able to effect ~5000-fold reduction in viral RNA at 48 h. Ivermectin therefore warrants further investigation for possible benefits in humans. Copyright © 2020 The Author(s)",Excluded,,,,,,,,,,
FDA approved drugs with pharmacotherapeutic potential for SARS-CoV-2 (COVID-19) therapy,"In December 2019, a novel SARS-CoV-2 coronavirus emerged, causing an outbreak of life-threatening pneumonia in the Hubei province, China, and has now spread worldwide, causing a pandemic. The urgent need to control the disease, combined with the lack of specific and effective treatment modalities, call for the use of FDA-approved agents that have shown efficacy against similar pathogens. Chloroquine, remdesivir, lopinavir/ritonavir or ribavirin have all been successful in inhibiting SARS-CoV-2 in vitro. The initial results of a number of clinical trials involving various protocols of administration of chloroquine or hydroxychloroquine mostly point towards their beneficial effect. However, they may not be effective in cases with persistently high viremia, while results on ivermectin (another antiparasitic agent) are not yet available. Interestingly, azithromycin, a macrolide antibiotic in combination with hydroxychloroquine, might yield clinical benefit as an adjunctive. The results of clinical trials point to the potential clinical efficacy of antivirals, especially remdesivir (GS-5734), lopinavir/ritonavir, and favipiravir. Other therapeutic options that are being explored involve meplazumab, tocilizumab, and interferon type 1. We discuss a number of other drugs that are currently in clinical trials, whose results are not yet available, and in various instances we enrich such efficacy analysis by invoking historic data on the treatment of SARS, MERS, influenza, or in vitro studies. Meanwhile, scientists worldwide are seeking to discover novel drugs that take advantage of the molecular structure of the virus, its intracellular life cycle that probably elucidates unfolded-protein response, as well as its mechanism of surface binding and cell invasion, like angiotensin converting enzymes-, HR1, and metalloproteinase inhibitors. Copyright © 2020",Excluded,,,,,,,,,,
Favipiravir and the Need for Early Ambulatory Treatment of SARS-CoV-2 Infection (COVID-19),"It is becoming increasingly clear that severe acute respiratory syndrome coronavirus 2 (SARS-CoV-2), like most human viral infections, will require multiple drugs in combination to treat COVID-19 illness. In this issue of the Journal, Doi and colleagues describe successful treatment of patients with early COVID-19 with favipiravir, an oral polymerase inhibitor, to rapidly and substantially clear SARS-CoV-2 from nasal secretions irrespective if it was started relatively early or later within the first week of infection. These data support the concept that favipiravir could be paired with at least one more off-target antiviral agent (doxycycline, azithromycin, or ivermectin) followed by corticosteroids and antithrombotics to prevent COVID-19 hospitalization and death in those over age 50 and/or those with one or more comorbidities. Clinical trials and advanced practice should immediately pivot to combination/sequential drug therapy for ambulatory COVID-19 illness. Copyright © 2020 American Society for Microbiology. All Rights Reserved.",Excluded,,,,,,,,,,
A fatal case of COVID-19-associated invasive pulmonary aspergillosis,"A 79-year-old Japanese man with polymyalgia rheumatica was admitted to hospital with coronavirus disease (COVID-19). On admission, he was treated with ciclesonide inhalation, ivermectin, and meropenem. He was intubated 6 days after admission, and methylprednisolone therapy was initiated (1000 mg/day). Hypoxemia and chest radiographic findings temporarily improved. However, chest computed tomography showed bilateral ground-glass attenuations, multiple nodules, and consolidation. Aspergillus fumigatus was cultured from the tracheal aspirate and he was diagnosed with COVID-19-associated invasive pulmonary aspergillosis (CAPA) and treated with liposomal amphotericin B. However, he died 28 days after admission. Copyright © 2021 Japanese Society of Chemotherapy and The Japanese Association for Infectious Diseases",Excluded,,,,,,,,,,
Familiar dermatologic drugs as therapies for COVID-19,"Researchers the world over are working to find the treatments needed to reduce the negative effects of coronavirus disease 2019 (COVID-19) and improve the current prognosis of patients. Several drugs that are often used in dermatology are among the potentially useful treatments: ivermectin, antiandrogenic agents, melatonin, and the antimalarial drugs chloroquine and hydroxychloroquine. These and other agents, some of which have proven controversial, are being scrutinized by the scientific community. We briefly review the aforementioned dermatologic drugs and describe the most recent findings relevant to their use against COVID-19. Copyright © 2020 AEDV. Published by Elsevier Espana, S.L.U.",Excluded,,,,,,,,,,
Exploring the binding efficacy of ivermectin against the key proteins of SARS-CoV-2 pathogenesis: An approach,"Aim: COVID-19 is currently the biggest threat to mankind. Recently, ivermectin (a US FDA-approved antiparasitic drug) has been explored as an anti-SARS-CoV-2 agent. Herein, we have studied the possible mechanism of action of ivermectin using in silico approaches. Material(s) and Method(s): Interaction of ivermectin against the key proteins involved in SARS-CoV-2 pathogenesis were investigated through molecular docking and molecular dynamic simulation. Result(s): Ivermectin was found as a blocker of viral replicase, protease and human TMPRSS2, which could be the biophysical basis behind its antiviral efficiency. The antiviral action and ADMET profile of ivermectin was on par with the currently used anticorona drugs such as hydroxychloroquine and remdesivir. Conclusion(s): Our study enlightens the candidature of ivermectin as an effective drug for treating COVID-19. Copyright © 2021 Future Medicine Ltd.. All rights reserved.",Excluded,,,,,,,,,,
Evidence-based approach to early outpatient treatment of SARS-CoV-2 (COVID-19) infection,"Misinformation and promotion of well-intended but disproved therapies for COVID-19 have plagued evidence-based shared decision-making throughout the COVID-19 pandemic. In times of crisis, clinicians may feel that their strong inclination to prescribe potentially harmful, unproven therapies on behalf of their patients is supported by beneficence. Clinicians should mindfully identify and avoid commission bias during this pandemic, especially as more data have accumulated to assist with clinically sound decision-making. We describe a more evidence-based approach to treatment of early outpatient COVID-19, stressing the availability of Food and Drug Administration emergency use authorization therapies and considering plausibly beneficial, nonprescription supplements that are generally regarded as safe.",Excluded,,,,,,,,,,
Evidence on the efficacy of ivermectin for COVID-19: another story of apples and oranges,,Excluded,,,,,,,,,,
Evaluation of the initial response in clinical trial efforts for COVID-19 in Brazil,"OBJECTIVE: To describe the methodological characteristics and good research practices of COVID-19 interventional studies developed in Brazil in the first months of the pandemic.     METHODS: We reviewed the bulletin of the National Research Ethics Committee - Coronavirus Special Edition (Comissao Nacional de Etica em Pesquisa - CONEP-COVID) (May 28, 2020) and the databases of the International Clinical Trials Registry Platform (ICTRP), ClinicalTrials.gov, and Brazilian Clinical Trials Registry (Registro Brasileiro de Ensaios Clinicos - ReBEC) to identify interventional studies registered in Brazil that assessed drug type, biological therapy, or vaccines. We described their methodological characteristics and calculated their power for different effect magnitudes.     RESULTS: A total of 62 studies were included, 55 retrieved from the CONEP website, and 7 from registry databases. The most tested pharmacological interventions in these studies were: chloroquine/hydroxychloroquine, azithromycin, convalescent plasma, tocilizumab, sarilumab, eculizumab, vaccine, corticosteroids, anticoagulants, n-acetylcysteine, nitazoxanide, ivermectin, and lopinavir/ritonavir. Out of 22 protocols published on registry databases until May 2020, 18 (82%) were randomized clinical trials, and 13 (59%) had an appropriate control group. However, 9 (41%) of them were masked, and only 5 (24%) included patients diagnosed with a specific laboratory test (for example, reverse transcription polymerase chain reaction - RT-PCR). Most of these studies had power > 80% only to identify large effect sizes. In the prospective follow-up, 60% of the studies available at CONEP until May 2020 had not been published on any registry platform (ICTRP/ReBEC/ClinicalTrials) by July 21, 2020.     CONCLUSION: The interventions evaluated during the Brazilian research response reflect those of international initiatives, but with a different distribution and a large number of studies assessing hydroxychloroquine/chloroquine. Limitations in methodological design and sample planning represent challenges that could affect the research outreach.",Excluded,,,,,,,,,,
Evaluation of the effectiveness and safety of adding ivermectin to treatment in severe COVID-19 patients,"Background and objectives: An effective treatment option is not yet available for SARS-CoV2, which causes the COVID-19 pandemic and whose effects are felt more and more every day. Ivermectin is among the drugs whose effectiveness in treatment has been investigated. In this study; it was aimed to investigate the presence of gene mutations that alter ivermectin metabolism and cause toxic effects in patients with severe COVID-19 pneumonia, and to evaluate the effectiveness and safety of ivermectin use in the treatment of patients without mutation. Material(s) and Method(s): Patients with severe COVID19 pneumonia were included in the study, which was planned as a prospective, randomized, controlled, single-blind phase 3 study. Two groups, the study group and the control group, took part in the study. Ivermectin 200 mcg/kg/day for 5 days in the form of a solution prepared for enteral use added to the reference treatment protocol -hydroxychloroquine + favipiravir + azithromycin- of patients included in the study group. Patients in the control group were given only reference treatment with 3 other drugs without ivermectin. The presence of mutations was investigated by performing sequence analysis in the mdr1/abcab1 gene with the Sanger method in patients included in the study group according to randomization. Patients with mutations were excluded from the study and ivermectin treatment was not continued. Patients were followed for 5 days after treatment. At the end of the treatment and follow-up period, clinical response and changes in laboratory parameters were evaluated. Result(s): A total of 66 patients, 36 in the study group and 30 in the control group were included in the study. Mutations affecting ivermectin metabolism was detected in genetic tests of six (16.7%) patients in the study group and they were excluded from the study. At the end of the 5-day follow-up period, the rate of clinical improvement was 73.3% (22/30) in the study group and was 53.3% (16/30) in the control group (p = 0.10). At the end of the study, mortality developed in 6 patients (20%) in the study group and in 9 (30%) patients in the control group (p = 0.37). At the end of the follow-up period, the average peripheral capillary oxygen saturation (SpO2) values of the study and control groups were found to be 93.5 and 93.0%, respectively. Partial pressure of oxygen (PaO2)/FiO2 ratios were determined as 236.3 +/- 85.7 and 220.8 +/- 127.3 in the study and control groups, respectively. While the blood lymphocyte count was higher in the study group compared to the control group (1698 +/- 1438 and 1256 +/- 710, respectively) at the end of the follow-up period (p = 0.24); reduction in serum C-reactive protein (CRP), ferritin and D-dimer levels was more pronounced in the study group (p = 0.02, p = 0.005 and p = 0.03, respectively). Conclusion(s): According to the findings obtained, ivermectin can provide an increase in clinical recovery, improvement in prognostic laboratory parameters and a decrease in mortality rates even when used in patients with severe COVID-19. Consequently, ivermectin should be considered as an alternative drug that can be used in the treatment of COVID-19 disease or as an additional option to existing protocols. Copyright © 2021, The Author(s).",Included,,,,,,,,,,
Evaluation of ivermectin as a potential treatment for mild to moderate covid-19: A double-blind randomized placebo controlled trial in eastern india,"-Background: There has been a growing interest in ivermectin ever since it was reported to have an in-vitro activity against severe acute respiratory syndrome coronavirus 2 (SARS-CoV-2). This trial was conducted to test the efficacy of ivermectin in mild and moderate coronavirus disease 19 (COVID-19). Method(s): A double blind, parallel, randomised, placebo-controlled trial conducted among adult COVID-19 patients with mild to moderate disease severity on admission in a COVID dedicated tertiary healthcare of eastern India. Enrolment was done between 1<sup>st</sup> August and 31<sup>st</sup> October 2020. On day 1 and 2 post enrolment, patients in the intervention arm received ivermectin 12 mg while the patients in the non-interventional arm received placebo tablets. Result(s): About one-fourth (23.6%) of the patients in the intervention arm and one-third (31.6%) in the placebo arm were tested reverse transcriptase polymerase chain reaction (RTPCR) negative for SARS-CoV-2 on 6<sup>th</sup> day. Although this difference was found to be statistically insignificant [rate ratio (RR): 0.8; 95% confidence interval (CI): 0.4-1.4; p=0.348]. All patients in the ivermectin group were successfully discharged. In comparison the same for the placebo group was observed to be 93%. This difference was found to be statistically significant (RR: 1.1; 95% CI; 1.0-1.2; p=0.045). Conclusion(s): Inclusion of ivermectin in treatment regimen of mild to moderate COVID-19 patients could not be said with certainty based on our study results as it had shown only marginal benefit in successful discharge from the hospital with no other observed benefits. Copyright © 2021, Canadian Society for Pharmaceutical Sciences. All rights reserved.",Included,,,,,,,,,,
Erratum: Ivermectin may be a clinically useful anti-inflammatory agent for late-stage COVID-19 (Open Heart (2020) 7(e001350) DOI: 10.1136/openhrt-2020-001350),"This is an open access article distributed in accordance with the Creative Commons Attribution Non Commercial (CC BY-NC 4.0) license, which permits others to distribute, remix, adapt, build upon this work non-commercially, and license their derivative works on different terms, provided the original work is properly cited, appropriate credit is given, any changes made indicated, and the use is non-commercial. See: http://creativecommons.org/licenses/by-nc/4.0/. Copyright © 2020 American Medical Association. All rights reserved.",Excluded,,,,,,,,,,
"Erratum: Expression of Concern: ""Meta-analysis of Randomized Trials of Ivermectin to Treat SARS-CoV-2 Infection""",[This corrects the article DOI: 10.1093/ofid/ofab358.].,Excluded,,,,,,,,,,
Environmental impact assessment of COVID-19 therapeutic solutions. A prospective analysis,"Several medicinal products for human use are currently under consideration as potential treatment for COVID-19 pandemic. As proposals cover also prophylactic use, the treatment could be massive, resulting in unprecedent levels of antiviral emissions to the aquatic environment. We have adapted previous models and used available information for predicting the environmental impact of representative medicinal products, covering the main groups under consideration: multitarget antiparasitic (chloroquines and ivermectin), glucocorticoids, macrolide antibiotics and antiviral drugs including their pharmacokinetic boosters. The retrieved information has been sufficient for conducting a conventional environmental risk assessment for the group of miscellaneous medicines; results suggest low concern for the chloroquines and dexamethasone while very high impact for ivermectin and azithromycin, even at use levels well below the default value of 1% of the population. The information on the ecotoxicity of the antiviral medicines is very scarce, thus we have explored an innovative pharmacodynamic-based approach, combining read-across, quantitative structure-activity relationship (QSAR), US EPA's Toxicity Forecaster (ToxCast) in vitro data, pharmacological modes of action, and the observed adverse effects. The results highlight fish sublethal effects as the most sensitive target and identify possible concerns. These results offer guidance for minimizing the environmental risk of treatment medication for COVID-19. Copyright © 2021 Elsevier B.V.",Excluded,,,,,,,,,,
Enhanced production of camptothecin by immobilized callus of Ophiorrhiza mungos and a bioinformatic insight into its potential antiviral effect against SARS-CoV-2,"Camptothetin (CPT) is a quinoline alkaloid originally isolated from the Chinese tree, Camptotheca acuminata Decne. CPT was found to have anticancerous and antiviral properties. Derivatives of natural CPT, including topothecan and irinotecan are used clinically to treat a variety of cancers. Apart from Camptotheca acuminata Decne, CPT production was also found in the perennial plant Ophiorrhiza mungos. In this study we attempted the immobilization of the tissue culture grown callus of Ophiorrhiza mungos for the continuous production of a higher concentration of CPT. As evident from previous studies about the antiviral effects of CPT, we wanted to bioinformatically analyze the binding potential of CPT towards two important proteins of SARS-CoV-2, protease (M<sup>pro</sup>) and RNA dependent RNA polymerase (RdRp). Further docking analysis of the CPT against the exterior spike glycoprotein of SARS-CoV-2 was also done to determine their potential interaction. The immobilized callus of Ophiorrhiza mungos produced CPT at a concentration of 420 microg/l by the end of 12 days of growth. The HPLC analysis was done to determine the purity of the CPT synthesized by the immobilization technique. The bioinformatic analysis revealed a higher binding efficiency of CPT and its derivatives, toptecan and irinotecan against M<sup>pro</sup> and RdRp. The docking analysis of CPT against the spike glycoprotein of SARS-CoV-2 showed hydrogen bonding with the amino acids at K466 with a bond distance of 2.56Adegree and K355 with a bond distance of 2.40Adegree. This finding was of particular importance that other compounds including hydroxychloroquine sulphate, lopinavir and ivermectin could bind with the spike protein only by weak Vander wall bonds and no hydrogen bond formation was noticed. Our studies hence evaluate the efficiency of CPT against SARS-CoV-2, by potentially blocking the interaction of the spike glycoprotein with the angiotensin-converting enzyme 2 (ACE2) receptor found on host cells.",Excluded,,,,,,,,,,
Elucidation on the physicochemical properties of potential and clinically approved antiviral drugs: A search for effective therapies against SARS-CoV-2 infection,"COVID-19 has been confirmed in millions of individuals worldwide, rendering it a global medical emergency. In the absence of vaccines and the unavailability of effective drugs for the SARS-CoV-2 infection, vaccine development is being continuously explored and several antiviral compounds and immunotherapies are currently being investigated. Given the high similarity in genetic identity between SARS-CoV and SARS-CoV-2, the present investigation identified the interaction between the physicochemical properties and the antiviral activity of different potential and clinically approved antiviral drugs against SARS-CoV using hierarchically weighted principal component analysis. Representative drugs from the classes of neuraminidase inhibitors, reverse transcriptase inhibitors, protease inhibitors, nucleoside analogues, and other compounds with potential antiviral activity were examined. The pharmacologic classification and the biological activity of the different antiviral drugs were described using indices, namely, rotatable bond count, molecular weight, heavy atom count, and molecular complexity (92.32% contribution rate). The physicochemical properties and inhibitory action against SARS-CoV-2 of lopinavir, chloroquine, ivermectin, and ciclesonide validated the adequacy of the current computational approach. The findings of the present study provide additional information, although further investigation is warranted to identify potential targets and establish exact mechanisms, in the emergent search and design of antiviral drug candidates and their subsequent synthesis as effective therapies for COVID-19. Copyright © 2020 The Author(s).",Excluded,,,,,,,,,,
Elucidation of the inhibitory activity of ivermectin with host nuclear importin α and several SARS-CoV-2 targets,"Ivermectin (IVM) is an FDA-approved drug that has shown antiviral activity against a wide variety of viruses in recent years. IVM inhibits the formation of the importin-α/β1 heterodimeric complex responsible for the translocation and replication of various viral species proteins. Also, IVM hampers SARS-CoV-2 replication in vitro; however, the molecular mechanism through which IVM inhibits SARS-CoV-2 is not well understood. Previous studies have explored the molecular mechanism through which IVM inhibits importin-α and several potential targets associated with COVID-19 by using docking approaches and MD simulations to corroborate the docked complexes. This study explores the energetic and structural properties through which IVM inhibits importin-α and five targets associated with COVID-19 by using docking and MD simulations combined with the molecular mechanics generalized Born surface area (MMGBSA) approach. Energetic and structural analysis showed that the main protease 3CL(pro) reached the most favorable affinity, followed by importin-α and Nsp9, which shared a similar relationship. Therefore, in vitro activity of IVM can be explained by acting as an inhibitor of importin-α, dimeric 3CL(pro), and Nsp9, but mainly over dimeric 3CL(pro).Communicated by Ramaswamy H. Sarma.",Excluded,,,,,,,,,,
Elucidation of the inhibitory activity of ivermectin with host nuclear importin alpha and several SARS-CoV-2 targets,"Ivermectin (IVM) is an FDA-approved drug that has shown antiviral activity against a wide variety of viruses in recent years. IVM inhibits the formation of the importin-alpha/beta1 heterodimeric complex responsible for the translocation and replication of various viral species proteins. Also, IVM hampers SARS-CoV-2 replication in vitro; however, the molecular mechanism through which IVM inhibits SARS-CoV-2 is not well understood. Previous studies have explored the molecular mechanism through which IVM inhibits importin-alpha and several potential targets associated with COVID-19 by using docking approaches and MD simulations to corroborate the docked complexes. This study explores the energetic and structural properties through which IVM inhibits importin-alpha and five targets associated with COVID-19 by using docking and MD simulations combined with the molecular mechanics generalized Born surface area (MMGBSA) approach. Energetic and structural analysis showed that the main protease 3CL<sup>pro</sup> reached the most favorable affinity, followed by importin-alpha and Nsp9, which shared a similar relationship. Therefore, in vitro activity of IVM can be explained by acting as an inhibitor of importin-alpha, dimeric 3CL<sup>pro</sup>, and Nsp9, but mainly over dimeric 3CL<sup>pro</sup>. Communicated by Ramaswamy H. Sarma. Copyright © 2021 Informa UK Limited, trading as Taylor & Francis Group.",Excluded,,,,,,,,,,
Electron Donor-Acceptor Capacity of Selected Pharmaceuticals against COVID-19,"More than a year ago, the first case of infection by a new coronavirus was identified, which subsequently produced a pandemic causing human deaths throughout the world. Much research has been published on this virus, and discoveries indicate that oxidative stress contributes to the possibility of getting sick from the new SARS-CoV-2. It follows that free radical scavengers may be useful for the treatment of coronavirus 19 disease (COVID-19). This report investigates the antioxidant properties of nine antivirals, two anticancer molecules, one antibiotic, one antioxidant found in orange juice (Hesperidin), one anthelmintic and one antiparasitic (Ivermectin). A molecule that is apt for scavenging free radicals can be either an electron donor or electron acceptor. The results I present here show Valrubicin as the best electron acceptor (an anticancer drug with three F atoms in its structure) and elbasvir as the best electron donor (antiviral for chronic hepatitis C). Most antiviral drugs are good electron donors, meaning that they are molecules capable of reduzing other molecules. Ivermectin and Molnupiravir are two powerful COVID-19 drugs that are not good electron acceptors, and the fact that they are not as effective oxidants as other molecules may be an advantage. Electron acceptor molecules oxidize other molecules and affect the conditions necessary for viral infection, such as the replication and spread of the virus, but they may also oxidize molecules that are essential for life. This means that the weapons used to defend us from COVID-19 may also harm us. This study posits the idea that oxide reduction balance may help explain the toxicity or efficacy of these drugs. These results represent a further advance on the road towards understanding the action mechanisms of drugs used as possible treatments for COVID-19. Looking ahead, clinical studies are needed to define the importance of antioxidants in treating COVID-19.",Excluded,,,,,,,,,,
The efficacy and safety of Ivermectin in patients with mild and moderate COVID-19: A structured summary of a study protocol for a randomized controlled trial,"Objectives: We will evaluate the efficacy and safety of Ivermectin in patients with mild and moderately severe COVID-19. Trial design: This is a phase 3, single-center, randomized, open-label, controlled trial with a 2-arm parallel-group design (1:1 ratio). Participant(s): The Severe Acute Respiratory Syndrome Departments of the Shahid Mohammadi Hospital, Bandar Abbas, Iran, will screen for patients age >= 20 years and weight >=35 kg for the following criteria: Inclusion criteria for patients with mild COVID-19 symptoms (outpatients)1.Diagnosed mild pneumonia using computed tomography (CT) and/or chest X-ray (CX-R) imaging, not requiring hospitalization.2.Signing informed consent. Inclusion criteria for patients with moderate COVID-19 symptoms (inpatients)1.Confirmed infection using PCR.2.Diagnosed moderate pneumonia using CT and/or CXR imaging, requiring hospitalization.3.Hospitalized <= 48 hours.4.Signing informed consent. Exclusion criteria1.Severe and critical pneumonia due to COVID-19.2.Underlying diseases, including AIDS, asthma, loiasis, and severe liver and kidney disease.3.Use of anticoagulants (e.g., warfarin) and ACE inhibitors (e.g., captopril).4.History of drug allergy to Ivermectin.5.Pregnancy or breastfeeding. Intervention and comparator: Intervention groups: Outpatient and inpatient groups will receive the standard treatment regimen for mild and moderate COVID-19, based on the Iranian Ministry of Health and Medical Education's protocol, along with oral Ivermectin (MSD Company, France) at a single dose of 0.2 mg/kg. Control groups: The outpatient group will receive hydroxychloroquine sulfate (Amin Pharmaceutical Company, Iran) at a dose of 400 mg twice a day for the first day and 200 mg twice a day for seven subsequent days. The inpatient group will receive 200/50 mg Lopinavir/Ritonavir (Heterd Company, India) twice a day for the seven days, plus five doses of 44 mcg Interferon beta-1a (CinnaGen, Iran) every other day. Other supportive and routine care will be the same in both outpatient and inpatient groups. Main outcome: The primary outcomes are composite and include the improvement of clinical symptoms and need for hospitalization for outpatient groups, and the length of hospital stay until discharge, the need for ICU admission until discharge, and the need for mechanical ventilation for inpatient groups within seven days of randomization. The secondary outcome is the incidence of serious adverse drug reactions within seven days of randomization. Randomization: Patients in both outpatient (mild) and inpatient (moderate) groups will be randomized into the treatment and control groups based on the following method. A simple randomization method and table of random numbers will be used. If the selected number is even, the patient is allocated to the treatment group, and if it is odd, the patient is allocated to the control group in a 1:1 ratio. Blinding (masking): This is an open-label study, and there is not blinding. Numbers to be randomized (sample size) A total number of 120 patients (60 outpatients and 60 patients) will be randomized into two groups (30 patients in each of the intervention groups and 30 patients in each of the control groups). Trial Status: The protocol is Version 1.0, November 17, 2020. Recruitment began November 25, 2020, and is anticipated to be completed by February 25, 2021. Trial registration: This clinical trial has been registered in the Iranian Registry of Clinical Trials (IRCT). The registration number is ""IRCT20200506047323N6"". The registration date is November 17, 2020. Full protocol: The full protocol is attached as an additional file, accessible from the Trials website (Additional file 1). In the interest in expediting the dissemination of this material, the familiar formatting has been eliminated; this letter serves as a summary of the key elements of the full protocol. Copyright © 2021, The Author(s).",Excluded,,,,,,,,,,
"Effects of Ivermectin in Patients With COVID-19: A Multicenter, Double-Blind, Randomized, Controlled Clinical Trial","Purpose: Given the coronavirus disease 2019 (COVID-19) pandemic, there is a global urgency to discover an effective treatment for patients withthis disease. This study aimed to evaluate the effects of the widely used antiparasitic drug ivermectin on outcomes in patients with COVID-19. Method(s): In this randomized, double-blind clinical trial, patients with COVID-19 admitted to 2 referral tertiary hospitals in Mazandaran, Iran, were randomly divided into 2 groups: intervention and control. In addition to standard treatment for COVID-19, the intervention group received a single weight-based dose (0.2 mg/kg) of ivermectin; the control group received the standard of care. Demographic, clinical, laboratory, and imaging data from participants were recorded at baseline. Patients were assessed daily for symptoms and disease progression. The primary clinical outcome measures were the durations of hospital stay, fever, dyspnea, and cough; and overall clinical improvement. Finding(s): Sixty-nine patients were enrolled (mean [SD] ages: ivermectin, 47.63 [22.20] years; control, 45.18 [23.11] years; P = 0.65). Eighteen patients (51.4%) in the ivermectin group and 18 (52.9%) in control group were male (P = 0.90). The mean durations of dyspnea were 2.6 (0.4) days in the ivermectin group and 3.8 (0.4) days in the control group (P = 0.048). Also, persistent cough lasted for 3.1 (0.4) days in the ivermectin group compared to 4.8 (0.4) days in control group (PP = 0.019). The mean durations of hospital stay were 7.1 (0.5) days versus 8.4 (0.6) days in the ivermectin and control groups, respectively (P = 0.016). Also, the frequency of lymphopenia decreased to 14.3% in the ivermectin group and did not change in the control group (P = 0.007). Implications: A single dose of ivermectin was well-tolerated in symptomatic patients with COVID-19, and important clinical features of COVID-19 were improved with ivermectin use, including dyspnea, cough, and lymphopenia. Further studies with larger sample sizes, different drug dosages, dosing intervals and durations, especially in different stages of the disease, may be useful in understanding the potential clinical benefits ivermectin. Iranian Registry of Clinical Trials identifier: IRCT20111224008507N3. Copyright © 2021",Included,,,,,,,,,,
Effects of a single dose of ivermectin on viral and clinical outcomes in asymptomatic sars-cov-2 infected subjects: A pilot clinical trial in lebanon,"Objective: This study was designed to determine the efficacy of ivermectin, an FDA-approved drug, in producing clinical benefits and decreasing the viral load of SARS-CoV-2 among asymptomatic subjects that tested positive for this virus in Lebanon. Method(s): A randomized controlled trial was conducted in 100 asymptomatic Lebanese subjects that have tested positive for SARS-CoV2. Fifty patients received standard preventive treatment, mainly supplements, and the experimental group received a single dose (according to body weight) of ivermectin, in addition to the same supplements the control group received. Result(s): There was no significant difference (p = 0.06) between Ct-values of the two groups before the regimen was started (day zero), indicating that subjects in both groups had similar viral loads. At 72 h after the regimen started, the increase in Ct-values was dramatically higher in the ivermectin than in the control group. In the ivermectin group, Ct increased from 15.13 +/- 2.07 (day zero) to 30.14 +/- 6.22 (day three; mean +/- SD), compared to the control group, where the Ct values increased only from 14.20 +/- 2.48 (day zero) to 18.96 +/- 3.26 (day three; mean +/- SD). Moreover, more subjects in the control group developed clinical symptoms. Three individuals (6%) required hospitalization, compared to the ivermectin group (0%). Conclusion(s): Ivermectin appears to be efficacious in providing clinical benefits in a randomized treatment of asymptomatic SARS-CoV-2-positive subjects, effectively resulting in fewer symptoms, lower viral load and reduced hospital admissions. However, larger-scale trials are warranted for this conclusion to be further cemented. Copyright © 2021 by the authors. Licensee MDPI, Basel, Switzerland.",Included,,,,,,,,,,
"Effectiveness of a multidrug therapy consisting of Ivermectin, Azithromycin, Montelukast, and Acetylsalicylic acid to prevent hospitalization and death among ambulatory COVID-19 cases in Tlaxcala, Mexico","Objective: There is an urgent need for effective treatments to prevent or attenuate lung and systemic inflammation, endotheliitis, and thrombosis related to COVID-19. This study aimed to assess the effectiveness of a multidrug-therapy consisting of Ivermectin, Azithromycin, Montelukast, and Acetylsalicylic acid (""TNR4"" therapy) to prevent hospitalization and death among ambulatory COVID-19 cases in Tlaxcala, Mexico. Design and methods: A comparative effectiveness study was performed among 768 confirmed SARS-CoV-2 cases aged 18-80 years, who received ambulatory care at the Ministry of Health of Tlaxcala. A total of 481 cases received the TNR4 therapy, while 287 received another treatment (comparison group). All participants received home visits and/or phone calls for clinical evaluation during the 14 days after enrollment. Result(s): Nearly 85% of cases who received the TNR4 recovered within 14 days compared to 59% in the comparison group. The likelihood of recovery within 14 days was 3.4 times greater among the TNR4 group than in the comparison group. Patients treated with TNR4 had a 75% and 81% lower risk of being hospitalized or death, respectively, than the comparison group. Conclusion(s): TNR4 therapy improved recovery and prevented the risk of hospitalization and death among ambulatory COVID-19 cases. Copyright © 2021 The Authors",Included,,,,,,,,,,
"Effective anti-sars-cov-2 rna dependent rna polymerase drugs based on docking methods: The case of milbemycin, ivermectin, and baloxavir marboxil","Background: Severe Acute Respiratory Syndrome-coronavirus 2 (SARS-CoV-2) is a new virus with a global pandemic. Yet, no vaccine or efficient treatments are found against the disease. The viral RNA dependent RNA Polymerase (RdRP) is a suitable target for developing antiviral agents. SARS-CoV-2 RdRP was employed to test its binding activity with some drugs. Method(s): Using some docking methods, RdRP was targeted by Milbemycins (MMs), Ivermectin (IMT), Baloxavir Marboxil (BM), and Tadalafil (TF), a phosphodiesterase type 5 inhibitor. Result(s): MM-A3 5-oxime (MMA35O), MM-A3 (MMA3), MM-A4 5-oxime (MMA45O), IMT, BM, and TF showed the highest binding affinity to RdRp. Conclusion(s): The drugs used in the present computational investigation are effective against the SARS-CoV-2 RdRP with high affinity values especially, milbemycins, ivermectin, and Baloxavir marboxil, which could further be studied in laboratory and clinical trials for saving millions of lives around the world. Copyright © 2020, Avicenna Journal of Medical Biotechnology.",Excluded,,,,,,,,,,
Effect of Ivermectin on Time to Resolution of Symptoms among Adults with Mild COVID-19: A Randomized Clinical Trial,"Importance: Ivermectin is widely prescribed as a potential treatment for COVID-19 despite uncertainty about its clinical benefit. Objective(s): To determine whether ivermectin is an efficacious treatment for mild COVID-19. Design, Setting, and Participant(s): Double-blind, randomized trial conducted at a single site in Cali, Colombia. Potential study participants were identified by simple random sampling from the state's health department electronic database of patients with symptomatic, laboratory-confirmed COVID-19 during the study period. A total of 476 adult patients with mild disease and symptoms for 7 days or fewer (at home or hospitalized) were enrolled between July 15 and November 30, 2020, and followed up through December 21, 2020. Intervention(s): Patients were randomized to receive ivermectin, 300 microg/kg of body weight per day for 5 days (n = 200) or placebo (n = 200). Main Outcomes and Measures: Primary outcome was time to resolution of symptoms within a 21-day follow-up period. Solicited adverse events and serious adverse events were also collected. Result(s): Among 400 patients who were randomized in the primary analysis population (median age, 37 years [interquartile range {IQR}, 29-48]; 231 women [58%]), 398 (99.5%) completed the trial. The median time to resolution of symptoms was 10 days (IQR, 9-13) in the ivermectin group compared with 12 days (IQR, 9-13) in the placebo group (hazard ratio for resolution of symptoms, 1.07 [95% CI, 0.87 to 1.32]; P =.53 by log-rank test). By day 21, 82% in the ivermectin group and 79% in the placebo group had resolved symptoms. The most common solicited adverse event was headache, reported by 104 patients (52%) given ivermectin and 111 (56%) who received placebo. The most common serious adverse event was multiorgan failure, occurring in 4 patients (2 in each group). Conclusion and Relevance: Among adults with mild COVID-19, a 5-day course of ivermectin, compared with placebo, did not significantly improve the time to resolution of symptoms. The findings do not support the use of ivermectin for treatment of mild COVID-19, although larger trials may be needed to understand the effects of ivermectin on other clinically relevant outcomes. Trial Registration: ClinicalTrials.gov Identifier: NCT04405843. Copyright © 2021 American Medical Association. All rights reserved.",Included,,,,,,,,,,
Effect of ivermectin in the treatment of COVID-19: A trial sequential analysis highlighted the requirement of additional randomized controlled trials,,Included,,,,,,,,,,
Effect of infodemic regarding the illegal sale of medications on the internet: Evaluation of demand and online availability of ivermectin during the covid-19 pandemic,"The COVID-19 pandemic and the related infodemic generated confusion and increased demand of various pharmaceuticals, ushering in the opportunity for illicit online vendors to fill a gap in the marketplace using potentially dangerous products. The aim of our study is to provide evidence regarding increased demand, online availability and consumer accessibility of ivermectin, an anthelmintic agent, without substantiated indications in reference to SARS-CoV-2. In our study, we combined infodemiology methodology aligned with search engine result assessment and web-site analytics to evaluate patient safety risks. Users' Google queries regarding ivermectin were trending and peaked during the last week of November 2020 and March 2021. Consumers more likely found links leading directly or indirectly (via redirection) to illegal online retailers represent-ing nearly half (53.3%) of search engine result links regarding the first three result pages in December 2020 and topped off at 73.3% by March 2021. Illicit medicine retailers outnumbered and out-ranked their legitimate counterparts and dominated the first search engine results page. A vast ma-jority (77.7%) of the identified online pharmacies were characteristically rogue; more than half (55.5%) offered prescription-only products without a valid medical prescription. Our results illus-trate connection between infodemic and its consequences on the illicit online pharmacy market. Copyright © 2021 by the authors. Licensee MDPI, Basel, Switzerland.",Excluded,,,,,,,,,,
"The effect of early treatment with ivermectin on viral load, symptoms and humoral response in patients with non-severe COVID-19: A pilot, double-blind, placebo-controlled, randomized clinical trial","Background: Ivermectin inhibits the replication of SARS-CoV-2 in vitro at concentrations not readily achievable with currently approved doses. There is limited evidence to support its clinical use in COVID-19 patients. We conducted a Pilot, randomized, double-blind, placebo-controlled trial to evaluate the efficacy of a single dose of ivermectin reduce the transmission of SARS-CoV-2 when administered early after disease onset. Method(s): Consecutive patients with non-severe COVID-19 and no risk factors for complicated disease attending the emergency room of the Clinica Universidad de Navarra between July 31, 2020 and September 11, 2020 were enrolled. All enrollments occurred within 72 h of onset of fever or cough. Patients were randomized 1:1 to receive ivermectin, 400 mcg/kg, single dose (n = 12) or placebo (n = 12). The primary outcome measure was the proportion of patients with detectable SARS-CoV-2 RNA by PCR from nasopharyngeal swab at day 7 post-treatment. The primary outcome was supported by determination of the viral load and infectivity of each sample. The differences between ivermectin and placebo were calculated using Fisher's exact test and presented as a relative risk ratio. This study is registered at ClinicalTrials.gov: NCT04390022. Finding(s): All patients recruited completed the trial (median age, 26 [IQR 19-36 in the ivermectin and 21-44 in the controls] years; 12 [50%] women; 100% had symptoms at recruitment, 70% reported headache, 62% reported fever, 50% reported general malaise and 25% reported cough). At day 7, there was no difference in the proportion of PCR positive patients (RR 0.92, 95% CI: 0.77-1.09, p = 1.0). The ivermectin group had non-statistically significant lower viral loads at day 4 (p = 0.24 for gene E; p = 0.18 for gene N) and day 7 (p = 0.16 for gene E; p = 0.18 for gene N) post treatment as well as lower IgG titers at day 21 post treatment (p = 0.24). Patients in the ivermectin group recovered earlier from hyposmia/anosmia (76 vs 158 patient-days; p < 0.001). Interpretation(s): Among patients with non-severe COVID-19 and no risk factors for severe disease receiving a single 400 mcg/kg dose of ivermectin within 72 h of fever or cough onset there was no difference in the proportion of PCR positives. There was however a marked reduction of self-reported anosmia/hyposmia, a reduction of cough and a tendency to lower viral loads and lower IgG titers which warrants assessment in larger trials. Funding(s): ISGlobal, Barcelona Institute for Global Health and Clinica Universidad de Navarra. Copyright © 2021 The Author(s)",Included,,,,,,,,,,
"Effect of a combination of nitazoxanide, ribavirin, and ivermectin plus zinc supplement (MANS.NRIZ study) on the clearance of mild COVID-19","This trial compared the rate and time of viral clearance in subjects receiving a combination of nitazoxanide, ribavirin, and ivermectin plus Zinc versus those receiving supportive treatment. This non-randomized controlled trial included 62 patients on the triple combination treatment versus 51 age- and sex-matched patients on routine supportive treatment. all of them confirmed cases by positive reverse-transcription polymerase chain reaction of a nasopharyngeal swab. Trial results showed that the clearance rates were 0% and 58.1% on the 7th day and 13.7% and 73.1% on the 15th day in the supportive treatment and combined antiviral groups, respectively. The cumulative clearance rates on the 15th day are 13.7% and 88.7% in the supportive treatment and combined antiviral groups, respectively. This trial concluded by stating that the combined use of nitazoxanide, ribavirin, and ivermectin plus zinc supplement effectively cleared the SARS-COV2 from the nasopharynx in a shorter time than symptomatic therapy. Copyright © 2021 Wiley Periodicals LLC",Included,,,,,,,,,,
"Ecotoxic response of nematodes to ivermectin, a potential anti-COVID-19 drug treatment","At the end of March 2020, ivermectin was confirmed as a drug for COVID-19 treatment. A significant amount of ivermectin could deposit into sediments of the semi-closed Mediterranean Sea, where three European COVID-19 epicenters are located: Italy, Spain, and France. Meiobenthic nematodes were exposed to three ivermectin doses (1.8 ng.g<sup>-1</sup>, 9 ng.g<sup>-1</sup>, and 18 ng.g<sup>-1</sup>) for 10 days. Ivermectin caused a great reduction in abundance. However, the diversity indices decreased only at high doses. Ivermectin disadvantaged the 1B-Cr-Id functional type (non-selective deposit feeders and nematodes with circular or indistinct amphids) and benefited the 2A-REL-Sp type (epistrate feeders and nematodes with rounded or elongated loop amphids). Thus, Trophic Diversity and Amphideal Diversity index values increased with sedimentary ivermectin enrichment. Large amphideal foveas were more efficient for 2A-REL-Sp nematodes to avoid ivermectin. The responses of the functional type 2A-REL-Sp and corresponding taxa predict post-COVID-19 environmental concerns and the bioaccumulation of ivermectin in seafoods. Copyright © 2020 Elsevier Ltd",Excluded,,,,,,,,,,
"Early COVID-19 therapy with azithromycin plus nitazoxanide, ivermectin or hydroxychloroquine in outpatient settings significantly improved COVID-19 outcomes compared to known outcomes in untreated patients","In a prospective observational study (pre-AndroCoV Trial), the use of nitazoxanide, ivermectin and hydroxychloroquine demonstrated unexpected improvements in COVID-19 outcomes when compared to untreated patients. The apparent yet likely positive results raised ethical concerns on the employment of further full placebo controlled studies in early-stage COVID-19. The present analysis aimed to elucidate, through a comparative analysis with two control groups, whether full placebo-control randomized clinical trials (RCTs) on early-stage COVID-19 are still ethically acceptable. The Active group (AG) consisted of patients enrolled in the Pre-AndroCoV-Trial (n = 585). Control Group 1 (CG1) consisted of a retrospectively obtained group of untreated patients of the same population (n = 137), and Control Group 2 (CG2) resulted from a precise prediction of clinical outcomes based on a thorough and structured review of indexed articles and official statements. Patients were matched for sex, age, comorbidities and disease severity at baseline. Compared to CG1 and CG2, AG showed reduction of 31.5-36.5% in viral shedding (p < 0.0001), 70-85% in disease duration (p < 0.0001), and 100% in respiratory complications, hospitalization, mechanical ventilation, deaths and post-COVID manifestations (p < 0.0001 for all). For every 1000 confirmed cases for COVID-19, at least 70 hospitalizations, 50 mechanical ventilations and five deaths were prevented. Benefits from the combination of early COVID-19 detection and early pharmacological approaches were consistent and overwhelming when compared to untreated groups, which, together with the well-established safety profile of the drug combinations tested in the Pre-AndroCoV Trial, precluded our study from continuing employing full placebo in early COVID-19. Copyright © 2021 The Author(s)",Included,,,,,,,,,,
Drugs intervention study in COVID-19 management,"By 9 February 2021, the Coronavirus has killed 2,336,650 people worldwide and it has been predicted that this number continues to increase in year 2021. The study aimed to identify therapeutic approaches and drugs that can potentially be used as interventions in Coronavirus 2019 (COVID-19) management. A systematic scoping review was conducted. Articles reporting clinical evidence of therapeutic management of COVID-19 were selected from three different research databases (Google Scholar, PubMed, and Science Direct). From the database search, 31 articles were selected based on the study inclusion and exclusion criteria. This review paper showed that remdesivir and ivermectin significantly reduced viral ribonucleic acid (RNA) activity. On the other hand, convalescent plasma (CP) significantly improved COVID-19 clinical symptoms. Additionally, the use of corticosteroid increased survival rates in COVID-19 patients with acute respiratory distress syndrome (ARDS). Findings also indicated that both hydroxychloroquine and favipiravir were effective against severe acute respiratory syndrome coronavirus 2 (SARS-CoV-2). However, lopinavir-ritonavir combination was not effective against COVID-19. Finally, ribavirin, galidesivir, and sofosbuvir showed potential therapeutic benefit in treating COVID-19, but there is a lack of clinical evidence on their effectiveness against SARS-CoV-2. Remdesivir, ivermectin, favipiravir, hydroxychloroquine, dexamethasone, methylprednisolone, and CP are the therapeutic agents that can potentially be used in COVID-19 management. Copyright © 2021 Walter de Gruyter GmbH, Berlin/Boston.",Excluded,,,,,,,,,,
Drug treatments for covid-19: living systematic review and network meta-analysis,"OBJECTIVE: To compare the effects of treatments for coronavirus disease 2019 (covid-19).     DESIGN: Living systematic review and network meta-analysis.     DATA SOURCES: WHO covid-19 database, a comprehensive multilingual source of global covid-19 literature, up to 1 March 2021 and six additional Chinese databases up to 20 February 2021. Studies identified as of 12 February 2021 were included in the analysis.     STUDY SELECTION: Randomised clinical trials in which people with suspected, probable, or confirmed covid-19 were randomised to drug treatment or to standard care or placebo. Pairs of reviewers independently screened potentially eligible articles.     METHODS: After duplicate data abstraction, a bayesian network meta-analysis was conducted. Risk of bias of the included studies was assessed using a modification of the Cochrane risk of bias 2.0 tool, and the certainty of the evidence using the grading of recommendations assessment, development, and evaluation (GRADE) approach. For each outcome, interventions were classified in groups from the most to the least beneficial or harmful following GRADE guidance.     RESULTS: 196 trials enrolling 76 767 patients were included; 111 (56.6%) trials and 35 098 (45.72%) patients are new from the previous iteration; 113 (57.7%) trials evaluating treatments with at least 100 patients or 20 events met the threshold for inclusion in the analyses. Compared with standard care, corticosteroids probably reduce death (risk difference 20 fewer per 1000 patients, 95% credible interval 36 fewer to 3 fewer, moderate certainty), mechanical ventilation (25 fewer per 1000, 44 fewer to 1 fewer, moderate certainty), and increase the number of days free from mechanical ventilation (2.6 more, 0.3 more to 5.0 more, moderate certainty). Interleukin-6 inhibitors probably reduce mechanical ventilation (30 fewer per 1000, 46 fewer to 10 fewer, moderate certainty) and may reduce length of hospital stay (4.3 days fewer, 8.1 fewer to 0.5 fewer, low certainty), but whether or not they reduce mortality is uncertain (15 fewer per 1000, 30 fewer to 6 more, low certainty). Janus kinase inhibitors may reduce mortality (50 fewer per 1000, 84 fewer to no difference, low certainty), mechanical ventilation (46 fewer per 1000, 74 fewer to 5 fewer, low certainty), and duration of mechanical ventilation (3.8 days fewer, 7.5 fewer to 0.1 fewer, moderate certainty). The impact of remdesivir on mortality and most other outcomes is uncertain. The effects of ivermectin were rated as very low certainty for all critical outcomes, including mortality. In patients with non-severe disease, colchicine may reduce mortality (78 fewer per 1000, 110 fewer to 9 fewer, low certainty) and mechanical ventilation (57 fewer per 1000, 90 fewer to 3 more, low certainty). Azithromycin, hydroxychloroquine, lopinavir-ritonavir, and interferon-beta do not appear to reduce risk of death or have an effect on any other patient-important outcome. The certainty in effects for all other interventions was low or very low.     CONCLUSION: Corticosteroids and interleukin-6 inhibitors probably confer important benefits in patients with severe covid-19. Janus kinase inhibitors appear to have promising benefits, but certainty is low. Azithromycin, hydroxychloroquine, lopinavir-ritonavir, and interferon-beta do not appear to have any important benefits. Whether or not remdesivir, ivermectin, and other drugs confer any patient-important benefit remains uncertain.     SYSTEMATIC REVIEW REGISTRATION: This review was not registered. The protocol is publicly available in the supplementary material.     READERS' NOTE: This article is a living systematic review that will be updated to reflect emerging evidence. Updates may occur for up to two years from the date of original publication. This is the fourth version of the original article published on 30 July 2020 (BMJ 2020;370:m2980), and previous versions can be found as data supplements. When citing this paper please consider adding the version number and date of access for clarity.",Excluded,,,,,,,,,,
"Drug Repurposing Approach, Potential Drugs, and Novel Drug Targets for COVID-19 Treatment","Novel coronavirus first appeared in Wuhan, China, in December 2019, and it speedily expanded globally. Some medications which are used to treat other diseases seem to be effective in treating COVID-19 even without explicit support. The existing drugs that are summarized in this review primarily focused on therapeutic agents that possessed activity against other RNA viruses such as MERS-CoV and SARS-CoV. Drug repurposing or repositioning is a promising field in drug discovery that identifies new therapeutic opportunities for existing drugs such as corticosteroids, RNA-dependent RNA polymerase inhibitors, interferons, protease inhibitors, ivermectin, melatonin, teicoplanin, and some others. A search for new drug/drug targets is underway. Thus, blocking coronavirus structural protein, targeting viral enzyme, dipeptidyl peptidase 4, and membrane fusion blocker (angiotensin-converting enzyme 2 and CD147 inhibitor) are major sites based on molecular targets for the management of COVID-19 infection. The possible impact of biologics for the management of COVID19 is promising and includes a wide variety of options such as cytokines, nucleic acid-based therapies targeting virus gene expression, bioengineered and vectored antibodies, and various types of vaccines. This review demonstrates that the available data are not sufficient to suggest any treatment for the eradication of COVID-19 to be used at the clinical level. This article aims to review the roles of existing drugs and drug targets for COVID-19 treatment. Copyright © 2021 Zemene Demelash Kifle et al.",Excluded,,,,,,,,,,
Drug repositioning: New approaches and future prospects for life-debilitating diseases and the COVID-19 pandemic outbreak,"Traditionally, drug discovery utilises a de novo design approach, which requires high cost and many years of drug development before it reaches the market. Novel drug development does not always account for orphan diseases, which have low demand and hence low-profit margins for drug developers. Recently, drug repositioning has gained recognition as an alternative approach that explores new avenues for pre-existing commercially approved or rejected drugs to treat diseases aside from the intended ones. Drug repositioning results in lower overall developmental expenses and risk assessments, as the efficacy and safety of the original drug have already been well accessed and approved by regulatory authorities. The greatest advantage of drug repositioning is that it breathes new life into the novel, rare, orphan, and resistant diseases, such as Cushing's syndrome, HIV infection, and pandemic outbreaks such as COVID-19. Repositioning existing drugs such as Hydroxychloroquine, Remdesivir, Ivermectin and Baricitinib shows good potential for COVID-19 treatment. This can crucially aid in resolving outbreaks in urgent times of need. This review discusses the past success in drug repositioning, the current technological advancement in the field, drug repositioning for personalised medicine and the ongoing research on newly emerging drugs under consideration for the COVID-19 treatment. Copyright © 2020 by the authors. Licensee MDPI, Basel, Switzerland. This article is an open access article distributed under the terms and conditions of the Creative Commons Attribution (CC BY) license (http://creativecommons.org/licenses/by/4.0/).",Excluded,,,,,,,,,,
"Drug receptor interactions, metabolism, and preclinical drugs for SARS COV 2","Drugs by definition are categorized as those agents that can bring about a change in any living species and habitually used for therapeutic purposes. Mostly majority of drugs show an extraordinarily high correlation of structure and specificity to produce pharmacological effects. A large classification of them put forth their physiologic effects by binding with a naturally selective receptor and thus making the drug-receptor interaction an extensively studied subject, bearing in mind the complex intracellular biochemistry, pharmacology, and energetics involved in the entire event. Experimental studies specify that drugs interact with receptor sites localized in macromolecules that have got protein-like properties and also specific three-dimensional shapes. Drug metabolism is an important process for the removal of unwanted substances from the body. An abnormal drug metabolism profile could lead to life-threatening complications. Both phase I (mainly CYP450s) and phase II (mainly UGTs) enzymes play a significant role in drug metabolism. Although metabolites, in general, are expected to be not active and not toxic, certain metabolites can cause hepatotoxicity. Various diseases may potentially change the metabolic profile of a drug by altering the expression and function of key enzymes. Additionally, coadministration of multiple drugs may also lead to drug-drug interaction and adverse reactions due to competitive binding to the same metabolizing enzyme. Currently, SARS Cov 2 is an illness ongoing worldwide. This virus is responsible for severe respiratory illness and nearly 2,500,000 people worldwide have been diagnosed with SARS-CoV-2. No vaccine or antiviral drugs are available currently to treat SARS-CoV-2. Different pre-clinical studies suggested that hydroxychloroquine and chloroquine, arbidol, remdesivir, lopinavir/ritonavir, ivermectin, tocilizumab, ribavirin, and anti-inflammatory drugs can show a promising outcome for SARS-Cov-2. This review article focuses on the drug-receptor interaction, drug metabolism, and preclinical drugs for SARS Cov 2. Copyright © 2021, Global Research Online. All rights reserved.",Excluded,,,,,,,,,,
"Discovery of the FDA-approved drugs bexarotene, cetilistat, diiodohydroxyquinoline, and abiraterone as potential COVID-19 treatments with a robust two-tier screening system","Coronavirus Disease 2019 (COVID-19) caused by the emerging severe acute respiratory syndrome coronavirus 2 (SARS-CoV-2) is associated with a crude case fatality rate of about 0.5-10 % depending on locality. A few clinically approved drugs, such as remdesivir, chloroquine, hydroxychloroquine, nafamostat, camostat, and ivermectin, exhibited anti-SARS-CoV-2 activity in vitro and/or in a small number of patients. However, their clinical use may be limited by anti-SARS-CoV-2 50 % maximal effective concentrations (EC<inf>50</inf>) that exceeded their achievable peak serum concentrations (Cmax), side effects, and/or availability. To find more immediately available COVID-19 antivirals, we established a two-tier drug screening system that combines SARS-CoV-2 enzyme-linked immunosorbent assay and cell viability assay, and applied it to screen a library consisting 1528 FDA-approved drugs. Cetilistat (anti-pancreatic lipase), diiodohydroxyquinoline (anti-parasitic), abiraterone acetate (synthetic androstane steroid), and bexarotene (antineoplastic retinoid) exhibited potent in vitro anti-SARS-CoV-2 activity (EC<inf>50</inf> 1.13-2.01 muM). Bexarotene demonstrated the highest Cmax:EC<inf>50</inf> ratio (1.69) which was higher than those of chloroquine, hydroxychloroquine, and ivermectin. These results demonstrated the efficacy of the two-tier screening system and identified potential COVID-19 treatments which can achieve effective levels if given by inhalation or systemically depending on their pharmacokinetics. Copyright © 2020 Elsevier Ltd",Excluded,,,,,,,,,,
Dilemma of antiviral treatment in coronavirus 2019,"There are four classes of Coronaviruses designated as alpha, beta, gamma and delta. CoV-2 attacks the lower respiratory system to cause severe pneumonia, but it may also affect other organs leading to multiple organ failure. The choice for antiviral treatment for CoV-2 depends on the timing and the severity of the case. Although there is no antiviral designed specifically for treating corona virus, several agents are tried such as hydroxychloroquine, Remdesivir, Lopinavir/Ritonavir, and Favipiravir. The mechanism of each drug is diacussed in detail below. In addition, ivermectin has started to emerge as a new candidate therapeutic against SARS-CoV-2/ COVID-19. Copyright © 2021 Wolters Kluwer Medknow Publications. All rights reserved.",Excluded,,,,,,,,,,
Diagnostic approaches and potential therapeutic options for coronavirus disease 2019,"Severe acute respiratory syndrome coronavirus 2 (SARS-CoV-2) emerged in Wuhan city of China in late December 2019 and identified as a novel coronavirus. Due to its contagious nature, the virus spreads rapidly and causes coronavirus disease 2019 (COVID-19). The global tally of COVID-19 was 28 million in early September 2020. The fears and stress associated with SARS-CoV-2 has demolished the socio-economic status worldwide. Researchers are trying to identify treatments, especially antiviral drugs and/or vaccines, that could potentially control the viral spread and manage the ongoing unprecedented global crisis. To date, more than 300 clinical trials have been conducted on various antiviral drugs, and immunomodulators are being evaluated at various stages of COVID-19. This review aims to collect and summarize a list of drugs used to treat COVID-19, including dexamethasone, chloroquine, hydroxychloroquine, lopinavir/ritonavir, favipiravir, remdesivir, tociluzimab, nitazoxanide and ivermectin. However, some of these drugs are not effective and their use has been suspended by WHO. Copyright © 2020 The Authors",Excluded,,,,,,,,,,
Dexamethasone and COVID-19: Strategies in low- And middle-income countries to tackle steroid-related strongyloides hyperinfection,"COVID-19 can trigger a systemic inflammatory response that in some cases leads to severe lung involvement, multisystem dysfunction, and death. Dexamethasone therapy, because of its potent anti-inflammatory effects, has been proposed for the management of hospitalized patients with severe COVID-19. The subject of this article is to discuss potential strategies to tackle Strongyloides hyperinfection in hospitalized patients with COVID-19 receiving dexamethasone therapy in low- and middle-income countries. In this context, dexamethasone treatment has been found to be generally safe. However, its use in people coinfected with undetected Strongyloides stercoralis increases the risk for Strongyloides hyperinfection/dissemination a potentially fatal complication. Infection caused by S. stercoralis mayremain asymptomatic or with mild symptoms in humans for several years. Early detection and specific treatment prevent a fatal evolution of this complication, but the challenge is to screen before corticosteroid therapy. In some cases, presumptive treatment may be justified. Ivermectin is the gold standard for treatment. Copyright © 2021 by The American Society of Tropical Medicine and Hygiene.",Excluded,,,,,,,,,,
Development of a Minimal Physiologically-Based Pharmacokinetic Model to Simulate Lung Exposure in Humans Following Oral Administration of Ivermectin for COVID-19 Drug Repurposing,"SARS-CoV-2 utilizes the IMPalpha/beta1 heterodimer to enter host cell nuclei after gaining cellular access through the ACE2 receptor. Ivermectin has shown antiviral activity by inhibiting the formation of the importin-alpha (IMPalpha) and IMPbeta1 subunits as well as dissociating the IMPalpha/beta1 heterodimer and has in vitro efficacy against SARS-CoV-2. Plasma and lung ivermectin concentrations vs. time profiles in cattle were used to determine the apparent plasma to lung tissue partition coefficient of ivermectin. This coefficient, together with a simulated geometric mean plasma profile of ivermectin from a published population pharmacokinetic model, was utilized to develop a minimal physiologically-based pharmacokinetic (mPBPK) model. The mPBPK model accurately described the simulated ivermectin plasma concentration profile in humans. The mPBPK model was also used to simulate human lung exposure to ivermectin after 12, 30, and 120 mg oral doses. The simulated ivermectin lung exposures reached a maximum concentration of 772 ng/mL, far less than the estimated 1750 ng/mL IC<inf>50</inf> reported for ivermectin against SARS-CoV-2 in vitro. Further studies of ivermectin either reformulated for inhaled delivery or in combination with other antivirals with differing mechanisms of action is needed to assess its therapeutic potential. Copyright © 2020",Excluded,,,,,,,,,,
"Current Use of Ivermectin in Dermatology, Tropical Medicine, and COVID-19: An Update on Pharmacology, Uses, Proven and Varied Proposed Mechanistic Action","Ivermectin is a broad-spectrum antiparasitic drug with anti-inflammatory, anti-viral, anti-bacterial, and anti-tumor effects. In this review, we discuss the history, pharmacology, multimodal actions, indications in dermatology and tropical medicine, therapeutic and prophylactic use of ivermectin in COVID-19, safety, adverse effects, special considerations, and drug interactions of ivermectin.",Excluded,,,,,,,,,,
Current status and strategic possibilities on potential use of combinational drug therapy against COVID-19 caused by SARS-CoV-2,"The spread of new coronavirus infection starting December 2019 as novel SARS-CoV-2, identified as the causing agent of COVID-19, has affected all over the world and been declared as pandemic. Approximately, more than 8,807,398 confirmed cases of COVID-19 infection and 464,483 deaths have been reported globally till the end of 21 June 2020. Until now, there is no specific drug therapy or vaccine available for the treatment of COVID-19. However, some potential antimalarial drugs like hydroxychloroquine and azithromycin, antifilarial drug ivermectin and antiviral drugs have been tested by many research groups worldwide for their possible effect against the COVID-19. Hydroxychloroquine and ivermectin have been identified to act by creating the acidic condition in cells and inhibiting the importin (IMPalpha/beta1) mediated viral import. There is a possibility that some other antimalarial drugs/antibiotics in combination with immunomodulators may help in combatting this pandemic disease. Therefore, this review focuses on the current use of various drugs as single agents (hydroxychloroquine, ivermectin, azithromycin, favipiravir, remdesivir, umifenovir, teicoplanin, nitazoxanide, doxycycline, and dexamethasone) or in combinations with immunomodulators additionally. Furthermore, possible mode of action, efficacy and current stage of clinical trials of various drug combinations against COVID-19 disease has also been discussed in detail. Communicated by Ramaswamy H. Sarma. Copyright © 2020 Informa UK Limited, trading as Taylor & Francis Group.",Excluded,,,,,,,,,,
Crying wolf in time of corona: The strange case of ivermectin and hydroxychloroquine. is the fear of failure withholding potential life-saving treatment from clinical use?,,Excluded,,,,,,,,,,
A critical review on environmental presence of pharmaceutical drugs tested for the covid-19 treatment,"On March 11, 2020, the World Health Organization (WHO) declared COVID-19 a pandemic. The outbreak caused a worldwide impact, becoming a health threat to the general population and its professionals. To date, there are no specific antiviral treatments or vaccines for the COVID-19 infection, however, some drugs are being clinically tested. The use of these drugs on large scale raises great concern about their imminent environmental risk, since the elimination of these compounds by feces and urine associated with the inefficiency of sewage treatment plants in their removal can result in their persistence in the environment, putting in risk the health of humans and of other species. Thus, the goal of this work was to conduct a review of other studies that evaluated the presence of the drugs chloroquine, hydroxychloroquine, azithromycin, ivermectin, dexamethasone, remdesivir, favipiravir and some HIV antivirals in the environment. The research indicated the presence of these drugs in the environment in different regions, with concentration data that could serve as a basis for further comparative studies following the pandemic.",Excluded,,,,,,,,,,
CoViTris2020 and ChloViD2020: a striking new hope in COVID-19 therapy,"Abstract: Designing anticoronavirus disease 2019 (anti-COVID-19) agents is the primary concern of medicinal chemists/drug designers nowadays. Repurposing of known active compounds against the severe acute respiratory syndrome coronavirus 2 (SARS-CoV-2) is a new effective and time-saving trend in anti-COVID-19 drug discovery. Thorough inhibition of the coronaviral-2 proteins (i.e., multitarget inhibition) is a possible powerful favorable strategy for developing effectively potent drugs for COVID-19. In this new research study, I succeeded to repurpose the two antioxidant polyhydroxy-1,3,4-oxadiazole compounds CoViTris2020 and ChloViD2020 as the first multitarget coronaviral protein blockers with extremely higher potencies (reach about 65 and 304 times, for CoViTris2020, and 20 and 93 times, for ChloViD2020, more potent than remdesivir and favipiravir, respectively). These two 2,5-disubstituted-1,3,4-oxadiazoles were computationally studied (through molecular docking in almost all SARS-CoV-2 proteins) and biologically assessed (through a newly established robust in vitro anti-COVID-19 assay) for their anticoronaviral-2 bioactivities. The data obtained from the docking investigation showed that both ligands promisingly exhibited very strong inhibitory binding affinities with almost all docked enzymes (e.g., they displayed extremely lower binding energies of - 12.00 and - 9.60 kcal/mol, respectively, with the SARS-CoV-2 RNA-dependent RNA polymerase ""RdRp""). The results of the biological assay revealed that CoViTris2020 and ChloViD2020 significantly displayed very high anti-COVID-19 activities (anti-SARS-CoV-2 EC<inf>50</inf> = 0.31 and 1.01 muM, respectively). Further in vivo/clinical studies for the development of CoViTris2020 and ChloViD2020 as anti-COVID-19 medications are required. In brief, the ascent of CoViTris2020 and ChloViD2020 as the two lead members of the novel family of anti-COVID-19 polyphenolic 2,5-disubstituted-1,3,4-oxadiazole derivatives represents a promising hope in COVID-19 therapy. Graphic abstract: CoViTris2020 and ChloViD2020 inhibit SARS-CoV-2 life cycle with surprising EC<inf>50</inf> values of 0.31 and 1.01 muM, respectively. CoViTris2020 strongly inhibits coronaviral-2 RdRp with exceptionally lower inhibitory binding energy of - 12.00 kcal/mol.[Figure not available: see fulltext.] Copyright © 2021, The Author(s), under exclusive licence to Springer Nature Switzerland AG part of Springer Nature.",Excluded,,,,,,,,,,
Covid-19: The ivermectin african enigma,"Introduction: The low frequency of cases and deaths from the SARS-CoV-2 COVID-19 virus in some countries of Africa has called our attention about the unusual behavior of this disease. The ivermectin is considered a drug of choice for various parasitic and viral diseases and shown to have in vitro effects against SARS-CoV-2. Aim(s): Our study aimed to describe SARS-CoV2 infection and death rates in African countries that participated in an intensive Ivermectin mass campaign carried out to control onchocerciasis and compare them with those of countries that did not participate. Method(s): Data from 19 countries that participated in the World Health Organization (WHO) sponsored African Programme for Onchocerciasis Control (APOC), from 1995 until 2015, were compared with thirty-five (Non-APOC), countries that were not included. Information was obtained from https://www.worldometers.info/coronavirus/ database. Generalized Poisson regression models were used to obtain estimates of the effect of APOC status on cumulative SARS-CoV-2 infection and mortality rates. Result(s): After controlling for different factors, including the Human Development Index (HDI), APOC countries (vs. non-APOC), show 28% lower mortality (0.72; 95% CI: 0.67-0.78) and 8% lower rate of infection (0.92; 95% CI: 0.91-0.93) due to COVID-19. Conclusion(s): The incidence in mortality rates and number of cases is significantly lower among the APOC countries compared to non-APOC countries. That a mass public health preventive campaign against COVID-19 may have taken place, inadvertently, in some African countries with massive community ivermectin use is an attractive hypothesis. Additional studies are needed to confirm it. Copyright © 2020 Universidad del Valle.",Excluded,,,,,,,,,,
Covid-19: Ivermectin's politicisation is a warning sign for doctors turning to orphan treatments,,Excluded,,,,,,,,,,
"COVID-19: ETIOLOGY, CLINICAL PICTURE, TREATMENT. [Russian]","Whereas the XX century marked the history of acute respiratory disease investigation as a period for generating in-depth system of combating influenza viruses (Articulavirales: Orthomyxoviridae, Alpha-/Betainfluenzavirus) (based on environmental and virological monitoring of influenza A virus in its natural reservoir - aquatic and semi-aquatic birds - to supervising epidemic influenza), a similar system is necessary to build up in the XXI century with regard to especially dangerous betacoronaviruses (Nidovirales: Coronaviridae, Betacoronavirus): Severe acute respiratory syndrome-related coronavirus (SARS-CoV) (subgenus Sarbecovirus), Severe acute respiratory syndrome-related coronavirus 2 (SARS-CoV-2) (Sarbecovirus), Middle East respiratory syndrome-related coronavirus (MERS-CoV) (Merbecovirus). This became particularly evident after pandemic potential has been revealed in 2020 by the SARS-CoV-2. This review provides an insight into the historic timeline of discovering this virus, its current taxonomy, ecology, virion morphology, life cycle, molecular biology, pathogenesis and clinical picture of the etiologically related COVID-19 (Coronavirus disease 2019) as well as data available in the scientific literature on the anti-SARS-CoV-2-effectiveness of passive immunotherapy and most debated drugs used to treat COVID-19: Chloroquine, Hydroxychloroquine, Nitazoxanide, Ivermectin, Lopinavir and Ritonavir, Camostat mesilate, Remdesivir, Ribavirin, Tocilizumab, Anakinra, corticosteroids, and type I interferons. The pathogenesis of SARS-CoV-2 infection implicates decreased efficacy of artificial respiration, which, in this case might be replaced by more efficient extracorporeal membrane blood oxygenation supplemented with nitrogen oxide and/or Heliox inhalations. Copyright © 2020 Saint Petersburg Pasteur Institute. All rights reserved.",Excluded,,,,,,,,,,
COVID-19: A Review of Clinical Trials and Repurposed Drugs,"This review was undertaken to synthesize data from various databases on therapeutic clinical trials conducted on COVID-19 in order to find out the trial details and outcome of the completed trials as well as the rationale for selecting the different trial drugs. The data were obtained from articles published December 2019 to September 4, 2020. The analysis of the data has shown that Corona Virus Disease-19 (COVID-19) is the only disease for which more than 2100 clinical trials have been registered. In these trials many existing drugs like Hydroxychloroquine (HCQ), Remdesivir, Tocilizumab, Sarilumab, Lopinavir/Ritonavir, Favipiravir, Glucocorticoids, COVID-19 convalescent plasma, Mesenchymal stem cells, Interferons, Azithromycin, Ivermectin, traditional medicines and many others are being tested globally for their efficacy in COVID-19. 225 trials have been completed as of September 4, 2020 and the results are available only for a few trials. Out of these results, two have shown favorable outcome for Favipiravir, one for HCQ alone, and one for HCQ + Azithromycin and one for Meplazumab. Topline data of two trials have resulted in the emergency use authorization (EUA) for Remdesivir on May 1, 2020. The available results of NIAD, WHO's SOLIDARITY, Gilead and RECOVERY trials have not shown the anticipated outcome. The results of the rest of the completed trials are awaited to draw conclusion regarding the definite therapy of COVID-19. The new drug development for COVID-19 is still in its preliminary stage. Identification of potential drug candidates which could selectively inhibit Severe Acute Respiratory Syndrome-Corona Virus 2 (SARS-CoV2) protease (Mpro) and SARS CoV2 S protein is in progress. Copyright © 2021 Wolters Kluwer Medknow Publications. All rights reserved.",Excluded,,,,,,,,,,
Covid-19: A basic approach to understanding potential treatments. [Spanish],"SARS-CoV-2 virus has been identified as the causative agent of the COVID-19 pandemic. Even when no standard treatment is available, antivirals such as remdesivir and other drugs such as chloroquine and ivermectin, which interfere with viral repli-cation, have been assayed. Some strategies aimed to reduce immune mechanisms, such as the use of tocilizumab and natural antioxidants, have also been tested. The use of drugs related to the renin-angiotensin system has been controversial. Pathogenicity mechanisms, as well as controlled treatments, still have to be studied in detail in order to propose a viable therapeutic option that prevents the entry and replication of the virus or enhances the host immune system. Copyright © 2019 Academia Nacional de Medicina de Mexico, A.C.",Excluded,,,,,,,,,,
COVID-19: a basic approach to understanding potential treatments,"SARS-CoV-2 virus has been identified as the causative agent of the COVID-19 pandemic. Even when no standard treatment is available, antivirals such as remdesivir and other drugs such as chloroquine and ivermectin, which interfere with viral replication, have been assayed. Some strategies aimed at reducing immune mechanisms, such as the use of tocilizumab and natural antioxidants, have also been tested. The use of drugs related to the renin-angiotensin system has been controversial. Pathogenicity mechanisms, as well as controlled treatments, still have to be studied in detail in order to propose a viable therapeutic option that prevents the entry and replication of the virus or enhances the host immune system.     El virus SARS-CoV-2 ha sido identificado como el agente patologico causante de la pandemia de COVID-19. Aun cuando no se cuenta con un tratamiento estandar, se han probado antivirales como remdesivir y otros farmacos como cloroquina e ivermectina, que interfieren con la replicacion del virus. Tambien se han intentado algunas estrategias encaminadas a disminuir los mecanismos inmunitarios, como el uso de tocilizumab y antioxidantes naturales. Los farmacos relacionados con el sistema renina-angiotensina han resultado controversiales. Aun se debe estudiar con detalle los mecanismos de patogenicidad, asi como los tratamientos controlados para proponer alguna opcion terapeutica viable que evite la entrada y replicacion del virus o que aumente los sistemas inmunitarios del huesped.",Excluded,,,,,,,,,,
COVID-19 Therapies in Brazil: Should We Be Concerned with the Impacts on Aquatic Wildlife?,"The use of unproven COVID‐19 drugs has seen a massive increase in recent months in Brazil. Chloroquine (CQ), hydroxychloroquine (HCQ) and ivermectin (IVM) are among the most politically promoted and sold drugs. As a result, an increased demand for these pharmaceuticals has been observed across the country with sales increase by more than 50% in comparison to 2019. In a country where only 46% of domestic wastewater is treated, what can we expect from the effects of these drugs and their metabolites on aquatic wildlife? The environmental fate and ecotoxicity data for IVM indicate varying degrees of toxicity to aquatic invertebrates and the potential to accumulate in several aquatic organisms. The CQ compound was classified as harmful to aquatic organisms and may cause long‐term adverse effects in the aquatic environment. As for HCQ, it has been tagged as posing insignificant environmental risks in the pre‐pandemic scenario despite its environmental persistence. Fragile Brazilian biomes, such as the Amazon (North region), Caatinga and coastal region of the Northeast and the Atlantic Rainforest (Southeast region) are of particular concern given the high incidence of COVID‐19 cases in these areas. The large‐scale use of unproven drugs in response to the pandemic may add undue weight to the increased volume of pharmaceuticals entering the environment, leaving the local biota vulnerable to the harmful effects of these contaminants. A nationwide coordinated response is urgently needed to monitor the levels and investigate the impacts of these emerging contaminants. This article is protected by copyright. All rights reserved.",Excluded,,,,,,,,,,
A COVID-19 prophylaxis? Lower incidence associated with prophylactic administration of ivermectin,"As COVID-19 (coronavirus disease 2019) continues to rapidly spread throughout the world, the incidence varies greatly among different countries. These differences raise the question whether nations with a lower incidence share any medical commonalities that could be used not only to explain that lower incidence but also to provide guidance for potential treatments elsewhere. Such a treatment would be particularly valuable if it could be used as a prophylactic against SARS-CoV-2 (severe acute respiratory syndrome coronavirus 2) transmission, thereby effectively slowing the spread of the disease while we await the wide availability of safe and effective vaccines. Here, we show that countries with routine mass drug administration of prophylactic chemotherapy including ivermectin have a significantly lower incidence of COVID-19. Prophylactic use of ivermectin against parasitic infections is most common in Africa and we hence show that the reported correlation is highly significant both when compared among African nations as well as in a worldwide context. We surmise that this may be connected to ivermectin's ability to inhibit SARS-CoV-2 replication, which likely leads to lower infection rates. However, other pathways must exist to explain the persistence of such an inhibitory effect after serum levels of ivermectin have declined. It is suggested that ivermectin be evaluated for potential off-label prophylactic use in certain cases to help bridge the time until a safe and effective vaccine becomes available. Copyright © 2020 Elsevier Ltd and International Society of Antimicrobial Chemotherapy",Excluded,,,,,,,,,,
COVID-19 pandemic and dysbiosis: Can the ivermectin hysteria lead to an increase of autoimmune neuroinflammatory diseases?,"The pandemic caused by the SARS-CoV-2 has made new treatments a goal for the scientific community. One of these treatments is Ivermectin. Here we discuss the hypothesis of dysbiosis caused by the use of Ivermectin and the possible impacts on neuroinflammatory diseases after the end of the pandemic. Copyright © 2020 by Begell House, Inc. www.begellhouse.com.",Excluded,,,,,,,,,,
COVID-19 infections and Africa: Why do the African countries show the least number of cases?,"Introduction: The new COVID-19 spread quickly all over the countries. The clinical manifestations of coronavirus disease may be asymptomatic or presented as acute respiratory distress syndrome and multi organ failure. Supportive and symptomatic treatment is the first line of therapy. Until now, no approved treatment for COVID-19 but there is some trials with use of antiviral drugs, intravenous immunoglobulin, interferons, ivermectin and chloroquine. Main Hypothesis: Almost all the countries have been affected by this viral infection with rapidly increasing rates. Although the Africa region has showed an increase in the number of confirmed cases recently, there are still fewer cases than in other parts of the world. This viewpoint review highlights some factors that are hypothesized to be related to the decreased rate of COVID-19 cases in Africa than other regions. Conclusion(s): The decreased rate of COVID-19 cases in Africa than other regions may related to many factors; genetic poly-morphisms of ACE in African people, the prevalence of malaria infection and the widespread use of malaria's treatment. Copyright © 2020 Japan Health Sciences University & Japan International Cultural Exchange Foundation.",Excluded,,,,,,,,,,
COVID-19 encephalopathy: Challenges for post-pandemic times,"I have been treating patients with neurological and neuropsychiatric syndromes of unknown etiology for some years. The signs and symptoms can range from peripheral disorders such as pariahs / paresthesia's of the extremities or affecting the scapular, pelvic girdles (some similar to myopathies); cognitive changes and dementia. In this year of 2020, during Pandemic the frequency of patients with Inflammatory Brain Syndrome increased significantly. In the examination of the cephalic segment by the Virtual Test through BDORT, we find deposits of heavy metals, the presence of numerous microorganisms, alteration of the microcirculation, reduction of neurotransmitters and inflammatory markers. When investigating resonance for SARS-COV-2 (COVID-19), the virtual test reveals a high viral load (measured in units of coronavirus-UCV images); High index of cerebral vasculopathy (resonance obtained with images of cerebral vasculitis); Purpose of the presentation: Identification of the inflammatory brain condition (encephalitis) and treatment instituted through BDORT Material(s) and Method(s): 1. Patients with varied signs and symptoms; some associated with dermatitis; covering all age groups. Children, teenagers with more agitated and aggressive behavior. Associated complaint more frequent headache, distraction, extreme tiredness/fatigue, anxious and depressive symptoms; difficulty concentrating, difficulties with recent memory, unjustified aggression, delusions, etc. (All negative for PCR; serology Covid) 2. Mapping the cephalic segment of these patients. Inflammation of the internal carotid artery (resonance with the human histological lamina of the spleen) and vertebral arteries (resonance with the gallbladder lamina) is observed 3. Therapeutic approach: 3.1 Medication: A. The Natural antivirals (Omega-3, propolis, herbal medicines); coriander, antiinflammatories - DHEA, arnica, antioxidants, Vit D3, Prebiotics, alkalizing foods B. Ivermectin comp 6mg or 5CH homeopathic formula; (as anti-inflammatory 200 or 400 mg) or 5CH homeopathic formula 3.2 Procedures: A. Acupuncture, moxa, Ionic pumping with Manaka cables, Infiltrations with Traumeel's + Lidocaine2% or Procaine2% B. Selective drug capture method: digital pressure in the representative areas of the organs; Use of Red Laser or Led on body areas, etc. .",Excluded,,,,,,,,,,
COVID-19 and the rush for self-medication and self-dosing with ivermectin: A word of caution,,Excluded,,,,,,,,,,
"COVID-19 and nutriceutical therapies, especially using zinc to supplement antimicrobials","The nutritional status of a patient can be critical for the efficacy of other pharmaceuticals, especially organic antibiotics, to treat viral pandemics. There may be political and scientific difficulties in achieving a constructive synergy of nutritional and prescribed allopathic remedies. For adequate treatment, timelines may need to extend well beyond eliminating viral proliferation, e.g., with vaccines, to include the goals of (a) reducing post-viral fatigue, (b) promoting earliest recovery, and (c) future resistance in often poorly nourished patients, e.g., obese (!). Many trace minerals (TM) and vitamins may need to be replenished. This review focusses only upon zinc to illustrate some problems in rectifying these TM deficiencies affecting the balance between continued ill-health ('illth') or regaining optimal physical and mental wellbeing. Ultimately, this is a matter of behaviour, lifestyle, and informed choice(s). See Hetzel and McMichael 1959. Copyright © 2020, Springer Nature Switzerland AG.",Excluded,,,,,,,,,,
COVID-19 and Ivermectin: Potential threats associated with human use,"Drugs re-purposing due to COVID-19 virus has declared a number of useful candidates for treatment and prevention of the virus. Ivermectin (IVM) has gained much popularity due to a strong background of magical applications against a broad spectrum of pathogens. The in- vitro studies of ivermectin have shown promise, the thorough clinical trials of its efficacy in the treatment and prevention of SARS-CoV-2 are still warranted. Useful strategies for analyzing projected use of IVM in human coronaviruses might be developed. It may be done by concluding ongoing clinical trials and culturing lessons from IVM usage in veterinary practice. The potential toxicity and careful dosage analyses are urgently required before declaring it as an anti-SARS-CoV-2 drug candidate. This manuscript overviews the background and potential threats associated with the off-label use of IVM as prophylactic drug or treatment option against COVID-19 virus.",Excluded,,,,,,,,,,
COVID-19 and Common Variable Immunodeficiency,"Rationale: Common Variable Immunodeficiency (CVI) is rare primary immunodeficiency. The COVID-19 pandemics rised the risc os infection in these patients. Method(s): We describe a 27 year old male patient with CVI, in regular replacement of human immunoglobulin (600mg/kg), with parotiditis and night sweating. The diagnosis os COVID was suspected. Two days later, he presented diarrhea. The diagnosis of COVID-19 was made by blood test -serology and a RT-qPCR for SARS-CoV-2. He received azithromycin, zinc, ivermectin and vitamin D, and he received human gammaglobulin 1 week in advance. Result(s): IgM anti-SARS CoV-2 serology of 4.73 AU / ml (Reference <1) and IgG negative. In addition, a C-reactive protein test was requested, which showed a high result 8.712 mg/dL. Chest CT scan was ordered and showed no changes related to early stages of viral infections. IL-6, fibrinogen and D-dimer were normal. At the time of infecction IgG=1150 (700-1600mg/dL), IgA=28 (70-400mg/dL), IgM=19 (40-230mg/dL). Conclusion(s): The literature is scarce with regard to the relationship between primary immunodeficiencies and SARS CoV-2 infection, however, there is a consensus that patients with primary immunodeficiencies mostly present more severe conditions when infected with this virus. Fortunately, this patient recovered well, and progressed to cure of the viral syndrome. CT chest scan was unremakable. To our knowledge, this is the first report of parotidis in a patient with CVI and COVID-19. Copyright © 2020",Excluded,,,,,,,,,,
"Corrigendum to Antiviral effect of high-dose ivermectin in adults with COVID-19: A proof-of-concept randomized trial [EClinicalMedicine 37 (2021) 100,959]""",[This corrects the article DOI: 10.1016/j.eclinm.2021.100959.].,Excluded,,,,,,,,,,
Correction: Ivermectin may be a clinically useful anti-inflammatory agent for late-stage COVID-19,,Excluded,,,,,,,,,,
Coronavirus disease in a renal allograft recipient: A case report,"Coronavirus disease-19 (COVID-19) affected everyone on the globe, including renal transplant recipients who are at increased risk of infection. The clinical manifestations, immunosuppressive modifications, and treatment protocol are not well defined. We are reporting a case of renal transplant recipient and reviewed all case reports and series (a total of 100 patients) published to date to comprehend the clinical manifestations, immunosuppression modifications, treatment given, and outcomes of the patients. A 57-year-old male kidney transplant recipient had a fever, headache, weakness, and positive severe acute respiratory syndrome coronavirus 2 (SARS-CoV-2) infection. He became asymptomatic with the treatment of hydroxychloroquine, azithromycin, and oseltamivir. However, he remained persistently positive by reverse transcriptase-polymerase chain reaction for SARS-CoV-2 for 4 weeks and became negative only after Ivermectin therapy, a safer medicine than antivirals/antiretrovirals used for COVID therapy in renal transplant recipients. Of the 100 patients review of case series, fever was noted in 85%, cough 71%, diarrhea 10%, and radiographic abnormalities in 75% of cases. Only in 3% of cases, steroid was stopped, and in the rest of the cases, 63% either continued in the same doses or changed to methylprednisolone in 34%. Calcineurin inhibitors were temporarily stopped in 42% of cases, reduced in 9% of cases, and continued in the same doses in 49% of cases. The anti-metabolites were discontinued in 83%, reduced in 9% of cases, and not changed in 8% of cases. SARI was observed in 18% and acute kidney injury (AKI) in 26% of cases. Of all the AKI, 11% required renal replacement therapy. Mortality was observed in 21% of cases. COVID in renal transplant recipients may show an unusually longer positivity. Ivermectin may be used in the absence of any conclusive SARS-CoV-2 antivirals. Mortality is high in renal transplant recipients. Copyright © 2020 Indian Journal of Transplantation Published by Wolters Kluwer - Medknow.",Excluded,,,,,,,,,,
"Coronapod: Ivermectin, what the science says",,Excluded,,,,,,,,,,
Continuous high-dose ivermectin appears to be safe in patients with acute myelogenous leukemia and could inform clinical repurposing for COVID-19 infection,,Excluded,,,,,,,,,,
Considerations on the article <<antiviral and anti-inflammatory properties of ivermectin and its potential use in COVID-19>>,,Excluded,,,,,,,,,,
Considerations on the article «antiviral and anti-inflammatory properties of ivermectin and its potential use in COVID-19»,,Excluded,,,,,,,,,,
"Considerations on the Article ""Antiviral and Anti-Inflammatory Properties of Ivermectin and its Potential Use in COVID-19""",,Excluded,,,,,,,,,,
"Computational investigations of three main drugs and their comparison with synthesized compounds as potent inhibitors of SARS-CoV-2 main protease (M<sup>pro</sup>): DFT, QSAR, molecular docking, and in silico toxicity analysis","In this study, we examined five previously synthesized compounds and checked their binding affinity towards the SARS-CoV-2 main protease (M<sup>pro</sup>) by molecular docking study, and compared the data with three FDA approved drugs, i.e., Remdesivir, Ivermectine and Hydroxychlorochine. In addition, we have investigated the docking study against the main protease of SARS-CoV-2 (M<sup>pro</sup>) by using Autodock 4.2 software package. The results suggested that the investigated compounds have property to bind the active position of the protein as reported in approved drugs. Hence, further experimental studies are required. The formation of intermolecular interactions, negative values of scoring functions, free binding energy and the calculated binding constants confirmed that the studied compounds have significant affinity for the specified biotarget. These studied compounds were passed the drug-likeness criteria as suggested by calculating ADME data by SwissADME server. Moreover, the ADMET properties suggested that the investigated compounds to be orally active compounds in human. Furthermore, density functional computations (DFT) were executed by applying GAUSSIAN 09 suit program. In addition, Quantitative Structure-Activity Relationship (QSAR) was studied by applying HyperChem Professional 8.0.3 program.",Excluded,,,,,,,,,,
A comprehensive report on critical aspects of the virus that caged us,"SARS COV-2 is a zoonotic single stranded, positively charged RNA virus belonging to the family of coronaviruses and order of Nidovirales and there are evidences regarding its transmission to humans which state it jumped from bats to pangolins to humans via several mutations. There are several different methods that are being considered for the treatment including Ivermectin, Hydroxychloroquine, carbon quantum dots, plasma therapy, etc. Testing of patients is being carried out by RT-PCR. The gear to fight the virus includes coveralls, goggles, gloves, etc. Soaps, disinfectants and sanitizers have also played a crutial role in the fight against the virus. Copyright © 2020 Ubiquity Press. All rights reserved.",Excluded,,,,,,,,,,
Comprehensive Cardiotoxicity Assessment of COVID-19 Treatments Using Human Induced Pluripotent Stem Cell-derived Cardiomyocytes,"Coronavirus disease 2019 (COVID-19) continues to spread across the globe, with numerous clinical trials underway seeking to develop and test effective COVID-19 therapies, including remdesivir. Several ongoing studies have reported hydroxychloroquine-induced cardiotoxicity, including development of torsade de pointes (TdP). Meanwhile, human induced pluripotent stem cell-derived cardiomyocytes (hiPSC-CMs) are expected to serve as a tool for assessing drug-induced cardiotoxicity, such as TdP and contraction impairment. However, the cardiotoxicity of COVID-19 treatments has not been fully assessed using hiPSC-CMs. In the present study, we focused on drug repurposing with various modes of actions and examined the TdP risk associated with COVID-19 treatments using field potential using multi-electrode array (MEA) system and motion analysis with hiPSC-CMs. Hydroxychloroquine induced early after depolarization, while remdesivir, favipiravir, camostat and ivermectin had little effect on field potentials. We then analyzed electromechanical window (EMw), which is defined as the difference between field potential and contraction-relaxation durations. Hydroxychloroquine decreased EMw of hiPSC-CMs in a concentration-dependent manner. In contrast, other drugs have little effect. Our data suggest that hydroxychloroquine has proarrhythmic risk and other drugs have low proarrhythmic risk. Thus, hiPSC-CMs represent a useful tool for assessing the comprehensive cardiotoxicity caused by COVID-19 treatments in non-clinical settings. Copyright © The Author(s) 2021. Published by Oxford University Press on behalf of the Society of Toxicology. All rights reserved. For permissions, please email: journals.permissions@oup.com.",Excluded,,,,,,,,,,
Comparative study of the interaction of ivermectin with proteins of interest associated with SARS-CoV-2: A computational and biophysical approach,"The SARS-CoV-2 pandemic has accelerated the study of existing drugs. The mixture of homologs called ivermectin (avermectin-B1a [HB1a] + avermectin-B1b [HB1b]) has shown antiviral activity against SARS-CoV-2 in vitro. However, there are few reports on the behavior of each homolog. We investigated the interaction of each homolog with promising targets of interest associated with SARS-CoV-2 infection from a biophysical and computational-chemistry perspective using docking and molecular dynamics. We observed a differential behavior for each homolog, with an affinity of HB1b for viral structures, and of HB1a for host structures considered. The induced disturbances were differential and influenced by the hydrophobicity of each homolog and of the binding pockets. We present the first comparative analysis of the potential theoretical inhibitory effect of both avermectins on biomolecules associated with COVID-19, and suggest that ivermectin through its homologs, has a multiobjective behavior. Copyright © 2021 Elsevier B.V.",Excluded,,,,,,,,,,
Comparative efficacy and safety of pharmacological interventions for the treatment of COVID-19: A systematic review and network meta-analysis,"Background Numerous clinical trials and observational studies have investigated various pharmacological agents as potential treatment for Coronavirus Disease 2019 (COVID-19), but the results are heterogeneous and sometimes even contradictory to one another, making it difficult for clinicians to determine which treatments are truly effective. Methods and findings We carried out a systematic review and network meta-analysis (NMA) to systematically evaluate the comparative efficacy and safety of pharmacological interventions and the level of evidence behind each treatment regimen in different clinical settings. Both published and unpublished randomized controlled trials (RCTs) and confounding-adjusted observational studies which met our predefined eligibility criteria were collected. We included studies investigating the effect of pharmacological management of patients hospitalized for COVID-19 management. Mild patients who do not require hospitalization or have self-limiting disease courses were not eligible for our NMA. A total of 110 studies (40 RCTs and 70 observational studies) were included. PubMed, Google Scholar, MEDLINE, the Cochrane Library, medRxiv, SSRN, WHO International Clinical Trials Registry Platform, and ClinicalTrials.gov were searched from the beginning of 2020 to August 24, 2020. Studies from Asia (41 countries, 37.2%), Europe (28 countries, 25.4%), North America (24 countries, 21.8%), South America (5 countries, 4.5%), and Middle East (6 countries, 5.4%), and additional 6 multinational studies (5.4%) were included in our analyses. The outcomes of interest were mortality, progression to severe disease (severe pneumonia, admission to intensive care unit (ICU), and/or mechanical ventilation), viral clearance rate, QT prolongation, fatal cardiac complications, and noncardiac serious adverse events. Based on RCTs, the risk of progression to severe course and mortality was significantly reduced with corticosteroids (odds ratio (OR) 0.23, 95% confidence interval (CI) 0.06 to 0.86, p = 0.032, and OR 0.78, 95% CI 0.66 to 0.91, p = 0.002, respectively) and remdesivir (OR 0.29, 95% CI 0.17 to 0.50, p < 0.001, and OR 0.62, 95% CI 0.39 to 0.98, p = 0.041, respectively) compared to standard care for moderate to severe COVID-19 patients in non-ICU; corticosteroids were also shown to reduce mortality rate (OR 0.54, 95% CI 0.40 to 0.73, p < 0.001) for critically ill patients in ICU. In analyses including observational studies, interferon-alpha (OR 0.05, 95% CI 0.01 to 0.39, p = 0.004), itolizumab (OR 0.10, 95% CI 0.01 to 0.92, p = 0.042), sofosbuvir plus daclatasvir (OR 0.26, 95% CI 0.07 to 0.88, p = 0.030), anakinra (OR 0.30, 95% CI 0.11 to 0.82, p = 0.019), tocilizumab (OR 0.43, 95% CI 0.30 to 0.60, p < 0.001), and convalescent plasma (OR 0.48, 95% CI 0.24 to 0.96, p = 0.038) were associated with reduced mortality rate in non-ICU setting, while high-dose intravenous immunoglobulin (IVIG) (OR 0.13, 95% CI 0.03 to 0.49, p = 0.003), ivermectin (OR 0.15, 95% CI 0.04 to 0.57, p = 0.005), and tocilizumab (OR 0.62, 95% CI 0.42 to 0.90, p = 0.012) were associated with reduced mortality rate in critically ill patients. Convalescent plasma was the only treatment option that was associated with improved viral clearance rate at 2 weeks compared to standard care (OR 11.39, 95% CI 3.91 to 33.18, p < 0.001). The combination of hydroxychloroquine and azithromycin was shown to be associated with increased QT prolongation incidence (OR 2.01, 95% CI 1.26 to 3.20, p = 0.003) and fatal cardiac complications in cardiac-impaired populations (OR 2.23, 95% CI 1.24 to 4.00, p = 0.007). No drug was significantly associated with increased noncardiac serious adverse events compared to standard care. The quality of evidence of collective outcomes were estimated using the Grading of Recommendations Assessment, Development, and Evaluation (GRADE) framework. The major limitation of the present study is the overall low level of evidence that reduces the certainty of recommendations. Besides, the risk of bias (RoB) measured by RoB2 and ROBINS-I ramework for individual studies was generally low to moderate. The outcomes deducted from observational studies could not infer causality and can only imply associations. The study protocol is publicly available on PROSPERO (CRD42020186527). Conclusions In this NMA, we found that anti-inflammatory agents (corticosteroids, tocilizumab, anakinra, and IVIG), convalescent plasma, and remdesivir were associated with improved outcomes of hospitalized COVID-19 patients. Hydroxychloroquine did not provide clinical benefits while posing cardiac safety risks when combined with azithromycin, especially in the vulnerable population. Only 29% of current evidence on pharmacological management of COVID-19 is supported by moderate or high certainty and can be translated to practice and policy; the remaining 71% are of low or very low certainty and warrant further studies to establish firm conclusions. Copyright © 2020 Kim et al. This is an open access article distributed under the terms of the Creative Commons Attribution License, which permits unrestricted use, distribution, and reproduction in any medium, provided the original author and source are credited.",Excluded,,,,,,,,,,
Common anti-COVID-19 drugs and their anticipated interaction with anesthetic agents,"The corona virus disease 2019 (COVID-19) pandemic has till date (26/7/20) affected 1crore 62 lac 73 thousand 638 people globally with almost 6.5 lakh mortalities. COVID-19 has invaded the operation theatre and intensive care unit (ICU) in a short span of 6 months. It appears inevitable that all of us, as anesthesiologists, have to treat COVID-positive patients, either in the ICU or the operation theatre. Many asymptomatic, presumably noninfected people including frontline health care workers are also consuming potential anticorona viral drugs (such as hydroxychloroquine) prophylactically and may present for surgery. Detailed knowledge of which anesthetic and perioperative care drugs can interact with anti-COVID drugs would be very valuable for pre, intra-, and postoperative management of such patients and COVID-19 positive patients requiring intubation, mechanical ventilation, and ICU-sedation. Powered with this knowledge, anesthesiologists and intensivists can minimize the adverse effects of drug interactions. An extensive literature search using different search engines including Cochrane, Embase, Google Scholar, Scopus, and PubMed for all indexed review articles, original articles, case reports, and referenced webpages was performed to extract the most current and relevant literature on drug-drug interactions for clinicians. Copyright © 2021 Journal of Anaesthesiology Clinical Pharmacology Published by Wolters Kluwer - Medknow.",Excluded,,,,,,,,,,
Combination Treatment With Remdesivir and Ivermectin Exerts Highly Synergistic and Potent Antiviral Activity Against Murine Coronavirus Infection,"The recent COVID-19 pandemic has highlighted the urgency to develop effective antiviral therapies against the disease. Murine hepatitis virus (MHV) is a coronavirus that infects mice and shares some sequence identity to SARS-CoV-2. Both viruses belong to the Betacoronavirus genus, and MHV thus serves as a useful and safe surrogate model for SARS-CoV-2 infections. Clinical trials have indicated that remdesivir is a potentially promising antiviral drug against COVID-19. Using an in vitro model of MHV infection of RAW264.7 macrophages, the safety and efficacy of monotherapy of remdesivir, chloroquine, ivermectin, and doxycycline were investigated. Of the four drugs tested, remdesivir monotherapy exerted the strongest inhibition of live virus and viral RNA replication of about 2-log<inf>10</inf> and 1-log<inf>10</inf>, respectively (at 6 microM). Ivermectin treatment showed the highest selectivity index. Combination drug therapy was also evaluated using remdesivir (6 microM) together with chloroquine (15 microM), ivermectin (2 microM) or doxycycline (15 microM) - above their IC50 values and at high macrophage cell viability of over 95%. The combination of remdesivir and ivermectin exhibited highly potent synergism by achieving significant reductions of about 7-log<inf>10</inf> of live virus and 2.5-log<inf>10</inf> of viral RNA in infected macrophages. This combination also resulted in the lowest cytokine levels of IL-6, TNF-alpha, and leukemia inhibitory factor. The next best synergistic combination was remdesivir with doxycycline, which decreased levels of live virus by ~3-log<inf>10</inf> and viral RNA by ~1.5-log<inf>10</inf>. These results warrant further studies to explore the mechanisms of action of the combination therapy, as well as future in vivo experiments and clinical trials for the treatment of SARS-CoV-2 infection. © Copyright © 2021 Tan, Tan, Chu and Chow.",Excluded,,,,,,,,,,
Clinically Approved Antiviral Drug in an Orally Administrable Nanoparticle for COVID-19,"There is urgent therapeutic need for COVID-19, a disease for which there are currently no widely effective approved treatments and the emergency use authorized drugs do not result in significant and widespread patient improvement. The food and drug administration-approved drug ivermectin has long been shown to be both antihelmintic agent and a potent inhibitor of viruses such as Yellow Fever Virus. In this study, we highlight the potential of ivermectin packaged in an orally administrable nanoparticle that could serve as a vehicle to deliver a more potent therapeutic antiviral dose and demonstrate its efficacy to decrease expression of viral spike protein and its receptor angiotensin-converting enzyme 2 (ACE2), both of which are keys to lowering disease transmission rates. We also report that the targeted nanoparticle delivered ivermectin is able to inhibit the nuclear transport activities mediated through proteins such as importin alpha/beta1 heterodimer as a possible mechanism of action. This study sheds light on ivermectin-loaded, orally administrable, biodegradable nanoparticles to be a potential treatment option for the novel coronavirus through a multilevel inhibition. As both ACE2 targeting and the presence of spike protein are features shared among this class of virus, this platform technology has the potential to serve as a therapeutic tool not only for COVID-19 but for other coronavirus strains as well. Copyright ©",Excluded,,,,,,,,,,
"Clinical, biochemical and molecular evaluations of ivermectin mucoadhesive nanosuspension nasal spray in reducing upper respiratory symptoms of mild covid-19","Background: Ivermectin is an FDA-approved broad-spectrum anti-parasitic agent that has been shown to inhibit SARS-CoV-2 replication in vitro. Objective(s): We aimed to assess the therapeutic efficacy of ivermectin mucoadhesive nanosuspension intranasal spray in treatment of patients with mild COVID-19. Method(s): This clinical trial included 114 patients diagnosed as mild COVID-19. Patients were divided randomly into two age and sex-matched groups; group A comprising 57 patients received ivermectin nanosuspension nasal spray twice daily plus the Egyptian protocol of treatment for mild COVID-19 and group B comprising 57 patients received the Egyptian protocol for mild COVID-19 only. Evaluation of the patients was performed depending on improvement of presenting manifestations, negativity of two consecutive pharyngeal swabs for the COVID-19 nucleic acid via rRT-PCR and assessments of hematological and biochemical parameters in the form of complete blood counts, C-reactive protein, serum ferritin and d-dimer which were performed at presentation and 7 days later. Result(s): Of the included patients confirmed with mild COVID-19, 82 were males (71.9%) and 32 females (28.1%) with mean age 45.1 +/- 18.9. In group A, 54 patients (94.7%) achieved 2 consecutive negative PCR nasopharyngeal swabs in comparison to 43 patients (75.4%) in group B with P = 0.004. The durations of fever, cough, dyspnea and anosmia were significantly shorter in group A than group B, without significant difference regarding the duration of gastrointestinal symptoms. Duration taken for nasopharyngeal swab to be negative was significantly shorter in group A than in group B (8.3+/- 2.8 days versus 12.9 +/- 4.3 days; P = 0.0001). Conclusion(s): Local use of ivermectin mucoadhesive nanosuspension nasal spray is safe and effective in treatment of patients with mild COVID-19 with rapid viral clearance and shortening the anosmia duration. Clinicaltrials.gov Identifier: NCT04716569; https://clinicaltrials.gov/ct2/show/ NCT04716569. Copyright © 2021 Aref et al. This work is published and licensed by Dove Medical Press Limited.",Included,,,,,,,,,,
"Clinical Variants, Characteristics, and Outcomes Among COVID-19 Patients: A Case Series Analysis at a Tertiary Care Hospital in Karachi, Pakistan","Introduction Coronavirus disease 2019 (COVID-19) has become a global threat to public health. The current study investigates alterations in the biological estimates concerning the severity, recovery, mortality, and assessment of treatment-based outcomes. Methods A case series of 165 COVID-19 patients admitted to OMI Institute (a tertiary care hospital) was conducted between May and August 2020. The data regarding demographic characteristics, comorbid conditions, radiographic abnormalities, biological estimations, symptoms, treatment, disease progression, complications, and outcomes were recorded using a structured questionnaire. Laboratory estimations included complete blood count (CBC), renal and electrolyte profile, liver function tests (LFTs), hematological indices, and inflammatory markers. Chest X-ray, electrocardiogram (ECG), and a high-resolution computed tomography (HRCT) scan were also performed, and data were extracted from the medical records. Analysis was done using the Statistical Package for the Social Sciences (SPSS) version 22.0. Results Out of the 165 COVID-19 patients, 79.4% recovered and were successfully discharged, while 20.6% of inpatient died. The patients' mean age was 56.03 +/- 15.96 years, with a male majority (55.1%). The most common comorbid conditions were diabetes and hypertension; fever and dry cough were among the most frequently reported symptoms. The chest imaging findings among the severe/critical COVID-19 patients showed extensive bilateral patchy opacities. The median laboratory investigations, including neutrophil-to-lymphocyte ratio (NLR) (14.83), C-reactive protein (CRP) (7.4 mg/dl), lactate dehydrogenase (LDH) (786 IU/L), ferritin (1401.15 mcg/ml), and mean oxygen saturation (88.25%), were significantly altered among cases with increased disease severity and those who expired (p<0.05). The proportion of acute respiratory distress syndrome (ARDS) and sepsis development was significantly high among severe/critical COVID-19 patients (p<0.05). Treatment with tocilizumab, remdesivir, doxycycline, ivermectin, enoxaparin sodium, and steroids was deemed to be potentially effective treatment options in terms of reducing COVID-19 severity and chances of recovery. Furthermore, age (OR 1.05; p=0.047), presence of comorbidity (OR 8.471; p=0.004), high NLR, LDH (final outcome) (OR 1.361 and 1.018; p<0.05), and CRP levels (midpoint) (OR 1.631; p=0.05) were identified as the strong predictors of death among COVID-19 patients. Conclusion The study identified several alterations in the clinical profile of the COVID-19 patients concerning severity during the hospital stay, affecting prognosis. Clinically, tocilizumab, remdesivir, doxycycline, ivermectin, enoxaparin sodium, and steroids were identified as potential therapeutic options for COVID-19 due to their ability to alter disease-associated severity and recovery rate.",Excluded,,,,,,,,,,
Clinical study evaluating the efficacy of ivermectin in COVID-19 treatment: A randomized controlled study,"Researchers around the world are working at record speed to find the best ways to treat and prevent coronavirus disease 2019 (COVID-19). This study aimed to evaluate the efficacy of ivermectin for the treatment of hospitalized mild to moderate COVID-19 infected patients. This was a randomized open-label controlled study that included 164 patients with COVID-19. Patients were randomized into two groups where Group 1 (Ivermectin group) included patients who received ivermectin 12 mg once daily for 3 days with standard care and Group 2 (control group) included patients who received standard protocol of treatment alone for 14 days. The main outcomes were mortality, the length of hospital stay, and the need for mechanical ventilation. All patients were followed up for 1 month. Overall, 82 individuals were randomized to receive ivermectin plus standard of care and 82 to receive standard of care alone. Patients in the ivermectin group had a shorter length of hospital stay (8.82 +/- 4.94 days) than the control group (10.97 +/- 5.28 days), but this was not statistically significant (p = 0.085). Three patients (3.7%) in each group required mechanical ventilation (p = 1.00). The death rate was three patients in the ivermectin group (3.7%) versus four patients (4.9%) in the control group without any significant difference between the two groups (p = 1.00). Although there was no statistically significant difference in any endpoints by ivermectin doses (12 mg/day for 3 days); there was an observed trend to reducing hospital stay in the ivermectin-treated group. Copyright © 2021 Wiley Periodicals LLC",Included,,,,,,,,,,
"Clinical Presentation, Management and In-Hospital Outcome of Healthcare Personnel With COVID-19 Disease","Objective Healthcare personnel (HCP) are undoubtedly one of the major frontline fighters in the coronavirus disease 2019 (COVID-19) pandemic. Therefore, it comes as no surprise that many HCP have become infected by COVID-19 globally. The infection of HCP has received great attention in social media and is frequently reported from different parts of the world. However, there are few scientific reports addressing this aspect of the COVID-19 pandemic. The aim of this study was to evaluate the characteristics of clinical presentation, treatment, and outcome of COVID-19 infection among the HCP of our setting. Methods This cross-sectional study was performed in the National Heart Foundation Hospital & Research Institute of Bangladesh from April 29 to July 20, 2020. HCP employed in this hospital who experienced fever or respiratory symptoms or came in close contact with COVID-19 patients at home or their workplace were included in this study. The presence of COVID-19 disease was confirmed by real-time reverse transcriptase-polymerase chain reaction on nasopharyngeal samples. A total of 394 HCP were sampled and 139 had a positive corona test. Structured interviews were conducted to document symptoms for all HCP with confirmed COVID-19. Data analysis was performed in July 2020. Results Out of 1,409 HCP, 139 subjects tested positive for COVID-19. Among the HCP, infection rate was 9.86%. The mean age of the study population was 34.08+/-11.11 years (range: 20-69 yrs), of whom 82 (59%) were female. Most of this cohort were nurses (56 [40.3%]) and physicians (25 [18%]), and the remaining 58 (41.7%) were other staff. The mean duration of onset of symptoms to test was 2.89+/-2.07 days. The most common symptoms were fever (84.2%), fatigue (56.1%), cough (54%), body ache (39.6%), headache, and anosmia (38.8%). Most subjects had mild disease (125 [93%]), three (2.1%) of the HCP had moderate disease and one (0.7%) had severe disease. Ten of the HCP (7.2%) were asymptomatic. Most of them were treated either by ivermectin plus azithromycin or ivermectin plus doxycycline. Only 20 (14.4%) of the HCP were hospitalized, while others were treated either in home isolation (59.7%) or in institutional isolation (25.9%). Recovery was almost uneventful except one healthcare worker who died. Conclusion Most HCP had mild symptoms and a few of them were asymptomatic also. HCP with mild COVID-19 symptoms may be treated in home or institutional isolation. As they are a vulnerable group for infection, providing adequate protection to HCP is absolutely mandatory to safeguard them from this pandemic.",Excluded,,,,,,,,,,
Clinical outcomes after early ambulatory multidrug therapy for high-risk SARS-CoV-2 (COVID-19) infection,"There is an emergency need for early ambulatory treatment of Coronavirus Disease 2019 (COVID-19) in acutely ill patients in an attempt to reduce disease progression and the risks of hospitalization and death. Such management should be applied in high-risk patients age > 50 years or with one or more medical problems including cardiovascular disease. We evaluated a total of 922 outpatients from March to September 2020. All patients underwent contemporary real-time polymerase chain reaction (PCR) assay tests from anterior nasal swab samples. Patients age 50.5 +/- 13.7 years (range 12 to 89), 61.6% women, at moderate or high risk for COVID-19 received empiric management via telemedicine. At least two agents with antiviral activity against SARS-CoV-2 (zinc, hydroxychloroquine, ivermectin) and one antibiotic (azithromycin, doxycycline, ceftriaxone) were used along with inhaled budesonide and/or intramuscular dexamethasone consistent with the emergent science on early COVID-19 treatment. For patients with high severity of symptoms, urgent in-clinic administration of albuterol nebulizer, inhaled budesonide, and intravenous volume expansion with supplemental parenteral thiamine 500 mg, magnesium sulfate 4 grams, folic acid 1 gram, vitamin B12 1 mg. A total of 320/922 (34.7%) were treated resulting in 6/320 (1.9%) and 1/320 (0.3%) patients that were hospitalized and died, respectively. We conclude that early ambulatory (not hospitalized, treated at home), multidrug therapy is safe, feasible, and associated with low rates of hospitalization and death. Early treatment should be considered for high-risk patients as an emergency measure while we await randomized trials and guidelines for ambulatory management. Copyright © 2020 Procter et al. Published by IMR Press.",Excluded,,,,,,,,,,
"A chronicle of SARS-CoV-2: Part-I - Epidemiology, diagnosis, prognosis, transmission and treatment","In order to benefit the public, community workers and scientific community, we hereby present a chronicle of SARS-CoV-2 that leads to the unseen precedent of social distancing and lockdown owing to coronavirus disease (COVID-19). Information on this life-threatening pandemic of COVID-19 is sparse and discrete; and the urgency is such that the dissemination of information is increasing with numerous daily publications on the topic. Therefore, we developed a comprehensive review on various aspects of SARS-CoV-2 and COVID-19. We scientifically compiled published research, news, and reports from various sources to comprehend and summarize the information and findings on Coronaviruses. The review explicitly covers the aspects like genome and pedigree of SARS-CoV-2; epidemiology, prognosis, pathogenesis, symptoms and diagnosis of COVID-19 in order to catalog the right information on transmission route, and influence of environmental factors on virus transmissions, for the robust understanding of right strategical steps for proper COVID-19 management. We have explicitly highlighted several useful information and facts like: i) No established relationship between progression of SARS-CoV-2 with temperature, humidity and/or both, ii) The underlying mechanism of SARS-CoV-2 is not fully understood, iii) Respiratory droplet size determines drop and airborne-based transmission, iv) Prognosis of COVID-19 can be done by its effects on various body organs, v) Infection can be stopped by restricting the binding of S protein and AE2, vi) Hydroxychloroquine is believed to be better than chloroquine for COVID-19, vii) Ivermectin with Vero-hSLAM cells is able to reduce infection by ~5000 time within 2 days, and viii) Nafamostat mesylate can inhibit SARS-CoV-2 S protein-initiated membrane fusion. We have also suggested future research perspectives, challenges and scope. Copyright © 2018 Elsevier B.V.",Excluded,,,,,,,,,,
Chemoprophylaxis in covid-19 - where do we stand today?,"Till December 16<sup>t h</sup>, 2020, World has witnessed 72, 196, 732 confirmed cases of COVI D-19including 1,630,521 deaths, reported to WHO. This huge toll to human civilization has been created an unprecedented fear among world population complicated with loss of job, economic shutdown as well. Naturally, with the passage of time, people need to move out to earn their daily bread in the face of opening the economy. This increases the risk of acquiring the infection and put an extra load over the hard-pressed health care system. Many frontline workers including healthcare personnel have succumbed in the battle against Covid-19. Before a safe and effective vaccine becomes available to all, an useful chemoprophylaxis along with adequate personal protection may come as a rescue. In this article we are only trying to explore this issue. Copyright © 2021, Indian Medical Association. All rights reserved.",Excluded,,,,,,,,,,
Challenges in COVID-19 drug treatment in patients with advanced liver diseases: A hepatology perspective,"The global incidence of coronavirus disease 2019 (COVID-19) continues to increase despite health care efforts. The disease is caused by coronavirus 2 with high transmission and mortality rates. Little is known about the management of COVID-19 in advanced liver disease. The aim of work was to propose a plan for management of this drastic disease in case of this specific population with review of medications that could be suitable for advanced liver disease. All the guidelines and medications available for treatment of COVID-19 were reviewed with selection of the less toxic medications that could be used in advanced liver disease. Drugs suitable to manage COVID-19 in patients with liver disease might include remdesivir intravenously, nitazoxanide + sofosbuvir, ivermectin, tocilizumab, convalescent plasma, and low molecular weight heparin in certain situations. Advanced liver disease is associated with portal hypertension and splenomegaly with reduction of blood elements and immune dysfunction and impaired T cell function. Thus, when confronted by cytokine storm as an immune response to COVID-19, there may be an increase in the mortality rate of these patients. Through this review, a plan to treat COVID-19 in this special group of patients with advanced cirrhosis is proposed. Copyright © The Author(s) 2020.",Excluded,,,,,,,,,,
Cellular and Molecular Pathways of COVID-19 and Potential Points of Therapeutic Intervention,"With the objective of linking early findings relating to the novel SARS-CoV-2 coronavirus with potentially informative findings from prior research literature and to promote investigation toward therapeutic response, a coherent cellular and molecular pathway is proposed for COVID-19. The pathway is consistent with a broad range of observed clinical features and biological markers and captures key mediators of pathophysiology. In this proposed pathway, membrane fusion and cytoplasmic entry of SARS-CoV-2 virus via ACE2 and TMPRSS2-expressing respiratory epithelial cells, including pulmonary type-II pneumocytes, provoke an initial immune response featuring inflammatory cytokine production coupled with a weak interferon response, particularly in IFN-lambda-dependent epithelial defense. Differentiation of non-classic pathogenic T-cells and pro-inflammatory intermediate monocytes contributes to a skewed inflammatory profile, mediated by membrane-bound immune receptor subtypes (e.g., FcgammaRIIA) and downstream signaling pathways (e.g., NF-kappaB p65 and p38 MAPK), followed by chemotactic infiltration of monocyte-derived macrophages and neutrophils into lung tissue. Endothelial barrier degradation and capillary leakage contribute to alveolar cell damage. Inflammatory cytokine release, delayed neutrophil apoptosis, and NETosis contribute to pulmonary thrombosis and cytokine storm. These mechanisms are concordant with observed clinical markers in COVID-19, including high expression of inflammatory cytokines on the TNF-alpha/IL-6 axis, elevated neutrophil-to-lymphocyte ratio (NLR), diffuse alveolar damage via cell apoptosis in respiratory epithelia and vascular endothelia, elevated lactate dehydrogenase (LDH) and CRP, high production of neutrophil extracellular traps (NETs), depressed platelet count, and thrombosis. Although certain elements are likely to be revised as new findings emerge, the proposed pathway suggests multiple points of investigation for potential therapeutic interventions. Initial candidate interventions include prophylaxis to augment epithelial defense (e.g., AT1 receptor blockade, type III and type I interferons, melatonin, calcitriol, camostat, and lopinavir) and to reduce viral load (e.g., remdesivir, ivermectin, emetine, Abelson kinase inhibitors, dopamine D2 antagonists, and selective estrogen receptor modulators). Additional interventions focus on tempering inflammatory signaling and injury (e.g., dexamethasone, doxycycline, Ang1-7, estradiol, alpha blockers, and DHA/EPA, pasireotide), as well as inhibitors targeted toward molecular mediators of the maladaptive COVID-19 immune response (e.g., IL-6, TNF-alpha, IL-17, JAK, and CDK9). © Copyright © 2020 Hussman.",Excluded,,,,,,,,,,
Capturing clinician's experiences repurposing drugs to inform future studies during COVID-19,"Background: CURE ID is an internet-based repository developed collaboratively by FDA and NCATS/NIH, with the support of WHO and IDSA. It encourages clinicians globally to share novel uses of existing drugs for patients with difficult-to-treat infections. It is designed to serve as a rapid communication platform for healthcare providers during an outbreak, providing for systematic case-sharing, discussion, and the latest literature. Besides case reports, CURE ID offers a discussion platform for clinicians, disease-specific clinical trials curated from clincialtrials.gov, and a newsfeed that shows relevant journal articles and news related to COVID-19 and other infectious diseases. Method(s): The CURE ID team extracted individual case reports on patientlevel treatments and outcomes of COVID-19 infection from the published literature and gathered clinician-submitted cases through the electronic case report form. Additionally, CURE ID partnered with the University of Pennsylvania's CORONA database to further populate the CURE ID database with published cases. Result(s): As of submission, lopinavir-Ritonavir (n=51) was the most commonly reported drug used. The following were also reported: hydroxychloroquine (n=31), azithromycin (n=28), arbidol (n=22), interferon alfa-2B (n=18), moxifloxacin (n=18), methylprednisolone (n=17), ivermectin (n=14), lopinavir (n=12), oseltamivir (n=12). The other drugs reported were danoprevir-ritonavir, intravenous immunoglobulins, interferon, interferon alfa, and tocilizumab. CURE ID currently includes more than 150 detailed COVID case reports of 65 repurposed drugs. We expect case reporting for specific drugs to be dynamic and additional data to accrue. Updated results will be presented. Conclusion(s): Several drugs are being repurposed to treat COVID-19. CURE ID gives clinicians an opportunity to share their treatment experiences and discuss their questions with a global community of healthcare providers. By utilizing the CURE ID platform, in conjunction with data gathered from other registries, observational studies and clinical trials, hypotheses can be generated that may inform future clinical trials and ultimately, potentially find safe and effective treatments for this deadly disease.",Excluded,,,,,,,,,,
"Cancer vs. SARS-CoV-2 induced inflammation, overlapping functions, and pharmacological targeting","Inflammation is an intrinsic defence mechanism triggered by the immune system against infection or injury. Chronic inflammation allows the host to recover or adapt through cellular and humoral responses, whereas acute inflammation leads to cytokine storms resulting in tissue damage. In this review, we present the overlapping outcomes of cancer inflammation with virus-induced inflammation. The study emphasises how anti-inflammatory drugs that work against cancer inflammation may work against the inflammation caused by the viral infection. It is established that the cytokine storm induced in response to SARS-CoV-2 infection contributes to disease-associated mortality. While cancer remains the second among the diseases associated with mortality worldwide, cancer patients' mortality rates are often observed upon extended periods after illness, usually ranging from months to years. However, the mortality rates associated with COVID-19 disease are robust. The cytokine storm induced by SARS-CoV-2 infection appeared to be responsible for the multi-organ failure and increased mortality rates. Since both cancer and COVID-19 disease share overlapping inflammatory mechanisms, repurposing some anticancer and anti-inflammatory drugs for COVID-19 may lower mortality rates. Here, we review some of these inflammatory mechanisms and propose some potential chemotherapeutic agents to intervene in them. We also discuss the repercussions of anti-inflammatory drugs such as glucocorticoids and hydroxychloroquine with zinc or antiviral drugs such as ivermectin and remdesivir against SARS-CoV-2 induced cytokine storm. In this review, we emphasise on various possibilities to reduce SARS-CoV-2 induced cytokine storm. Copyright © 2021, The Author(s), under exclusive licence to Springer Nature Switzerland AG.",Excluded,,,,,,,,,,
Can Zn Be a Critical Element in COVID-19 Treatment?,"The current COVID-19 pandemic caused by SARS-CoV-2 has prompted investigators worldwide to search for an effective anti-viral treatment. A number of anti-viral drugs such as ribavirin, remdesivir, lopinavir/ritonavir, antibiotics such as azithromycin and doxycycline, and anti-parasite such as ivermectin have been recommended for COVID-19 treatment. In addition, sufficient pre-clinical rationale and evidence have been presented to use chloroquine for the treatment of COVID-19. Furthermore, Zn has the ability to enhance innate and adaptive immunity in the course of a viral infection. Besides, Zn supplement can favour COVID-19 treatment using those suggested and/or recommended drugs. Again, the effectiveness of Zn can be enhanced by using chloroquine as an ionophore while Zn inside the infected cell can stop SARS-CoV-2 replication. Given those benefits, this perspective paper describes how and why Zn could be given due consideration as a complement to the prescribed treatment of COVID-19. Copyright © 2020, Springer Science+Business Media, LLC, part of Springer Nature.",Excluded,,,,,,,,,,
The broad spectrum host-directed agent ivermectin as an antiviral for SARS-CoV-2 ?,"FDA approved for parasitic indications, the small molecule ivermectin has been the focus of growing attention in the last 8 years due to its potential as an antiviral. We first identified ivermectin in a high throughput compound library screen as an agent potently able to inhibit recognition of the nuclear localizing Human Immunodeficiency Virus-1 (HIV-1) integrase protein by the host importin (IMP) alpha/beta1 heterodimer, and recently demonstrated its ability to bind directly to IMPalpha to cause conformational changes that prevent its function in nuclear import of key viral as well as host proteins. Cell culture experiments have shown robust antiviral action towards a whole range of viruses, including HIV-1, dengue, Zika and West Nile Virus, Venezuelan equine encephalitis virus, Chikungunya, pseudorabies virus, adenovirus, and SARS-CoV-2 (COVID-19). Close to 70 clinical trials are currently in progress worldwide for SARS-CoV-2. Although few of these studies have been completed, the results that are available, as well as those from observational/retrospective studies, indicate clinical benefit. Here we discuss the case for ivermectin as a host-directed broad-spectrum antiviral agent, including for SARS-CoV-2. Copyright © 2020",Excluded,,,,,,,,,,
Blocking the interactions between human ACE2 and coronavirus spike glycoprotein by selected drugs: a computational perspective,"The coronavirus disease of 2019 (COVID-19) has become a global pandemic with rapid rate of transmission and fatalities worldwide. Scientists have been investigating a host of drugs that may be rechanneled to fight this malaise. Thus, in this current computational study we carried out molecular docking experiments to assess the bridging potentials of some commercial drugs such as chloroquine, hydroxychloroquine, lopinavir, ritonavir, nafamostat, camostat, famotidine, umifenovir, nitazoxanide, ivermectin, and fluvoxamine at the interface between human ACE2 and the coronavirus spike glycoprotein complex. This is aimed at ascertaining the ability of these drugs to bridge and prevent the complexing of these two proteins. The crystal structure of human ACE2 and the coronavirus spike glycoprotein complex was retrieved from protein database, while the selected drugs were retrieved from PubChem data base. The proteins and drugs were prepared for docking using Cresset Flare software. The docking was completed via AutoDock Vina module in Python Prescription software. The best hit drugs with each receptor were selected and their molecular interactions were analyzed using BIOVIA's Discovery Studio 2020. The best hit compounds on the human ACE2 were the lopinavir (-10.1 kcal/mol), ritonavir (-8.9 kcal/mol), and nafamostat (-8.7 kcal/mol). Ivermectin, nafamostat, and camostat with binding energy values -9.0 kcal/mol, -7.8 kcal/mol, and -7.4 kcal/mol respectively were the hit drugs on the coronavirus spike glycoprotein. Nafamostat showed a dual bridging potential against ACE2 and spike glycoprotein, and could therefore be a promising lead compound in the prevention and control of this disease.",Excluded,,,,,,,,,,
The binding mechanism of ivermectin and levosalbutamol with spike protein of SARS-CoV-2,"In this study, we have investigated the binding mechanism of two FDA-approved drugs (ivermectin and levosalbutamol) with the spike protein of SARs-CoV-2 using three different computational modeling techniques. Molecular docking results predict that ivermectin shows a large binding affinity for spike protein (- 9.0 kcal/mol) compared to levosalbutamol (- 4.1 kcal/mol). Ivermectin binds with LEU492, GLN493, GLY496, and TRY505 residues in the spike protein through hydrogen bonds and levosalbutamol binds with TYR453 and TYR505 residues. Using density functional theory (DFT) studies, we have calculated the binding energies between ivermectin and levosalbutamol with residues in spike protein which favor their binding are - 22.4 kcal/mol and - 21.08 kcal/mol, respectively. The natural bond orbital (NBO) charge analysis has been performed to estimate the amount of charge transfer that occurred by two drugs during interaction with residues. Molecular dynamics (MD) study confirms the stability of spike protein bound with ivermectin through RMSD and RMSF analyses. Three different computer modeling techniques reveal that ivermectin is more stable than levosalbutamol in the active site of spike protein where hACE2 binds. Therefore, ivermectin can be a suitable inhibitor for SARS-CoV-2 to enter into the human cell through hACE2.",Excluded,,,,,,,,,,
Binding mechanism and structural insights into the identified protein target of COVID-19 and importin-α with in-vitro effective drug ivermectin,"While an FDA approved drug Ivermectin was reported to dramatically reduce the cell line of SARS-CoV-2 by ∼5000 folds within 48 h, the precise mechanism of action and the COVID-19 molecular target involved in interaction with this in-vitro effective drug are unknown yet. Among 12 different COVID-19 targets along with Importin-α studied here, the RNA dependent RNA polymerase (RdRp) with RNA and Helicase NCB site show the strongest affinity to Ivermectin amounting -10.4 kcal/mol and -9.6 kcal/mol, respectively, followed by Importin-α with -9.0 kcal/mol. Molecular dynamics of corresponding protein-drug complexes reveals that the drug bound state of RdRp with RNA has better structural stability than the Helicase NCB site and Importin-α, with MM/PBSA free energy of -187.3 kJ/mol, almost twice that of Helicase (-94.6 kJ/mol) and even lower than that of Importin-α (-156.7 kJ/mol). The selectivity of Ivermectin to RdRp is triggered by a cooperative interaction of RNA-RdRp by ternary complex formation. Identification of the target and its interaction profile with Ivermectin can lead to more powerful drug designs for COVID-19 and experimental exploration.",Excluded,,,,,,,,,,
Binding mechanism and structural insights into the identified protein target of COVID-19 and importin-alpha with in-vitro effective drug ivermectin,"While an FDA approved drug Ivermectin was reported to dramatically reduce the cell line of SARS-CoV-2 by ~5000 folds within 48 h, the precise mechanism of action and the COVID-19 molecular target involved in interaction with this in-vitro effective drug are unknown yet. Among 12 different COVID-19 targets along with Importin-alpha studied here, the RNA dependent RNA polymerase (RdRp) with RNA and Helicase NCB site show the strongest affinity to Ivermectin amounting -10.4 kcal/mol and -9.6 kcal/mol, respectively, followed by Importin-alpha with -9.0 kcal/mol. Molecular dynamics of corresponding protein-drug complexes reveals that the drug bound state of RdRp with RNA has better structural stability than the Helicase NCB site and Importin-alpha, with MM/PBSA free energy of -187.3 kJ/mol, almost twice that of Helicase (-94.6 kJ/mol) and even lower than that of Importin-alpha (-156.7 kJ/mol). The selectivity of Ivermectin to RdRp is triggered by a cooperative interaction of RNA-RdRp by ternary complex formation. Identification of the target and its interaction profile with Ivermectin can lead to more powerful drug designs for COVID-19 and experimental exploration. Copyright © 2020 Informa UK Limited, trading as Taylor & Francis Group.",Excluded,,,,,,,,,,
Bias Possibility in a Retrospective Study of Ivermectin for COVID-19,,Excluded,,,,,,,,,,
The Battle against COVID 19 Pandemic: What we Need to Know before we Test Fire Ivermectin,"The world is faced with the dire challenge of finding an effective treatment against the rampaging COVID 19 pandemic. Amidst the crisis, reports of in vitro inhibitory activity of ivermectin, an approved anthelmintic, against the causative SARSCoV2 virus, have generated lot of optimism. In this article, we have fished and compiled the needed information on the drug, that will help readers and prospective investigators in having a quick overview. Though the primordial biological action of the drug is allosteric modulation of helminthic ion channel receptor, its in vitro activity against both RNA and DNA viruses is known for almost a decade. In the past two years, efficacy study in animal models of pseudorabies and zika virus was found to be favourable and unfavourable respectively. Only one clinical study evaluated the drug in dengue virus infection without any clinical efficacy. However, the proposed mechanism of drug action, by inhibiting the importin family of nucleus-cytoplasmic transporters along with favourable pharmacokinetics, warrants exploration of its role in COVID 19 through safely conducted clinical trials. Being an available and affordable drug, enlisted in WHO List of Essential Medicine, and a long track record of clinical safety, the drug is already in clinical trials the world over. As the pandemic continues to ravage human civilisation with unabated intensity, the world eagerly waits for a ray of hope emanating from the outcome of the ongoing trials with ivermectin as well as other drugs. Copyright © 2020 Georg Thieme Verlag KG Stuttgart New York.",Excluded,,,,,,,,,,
"Avermectin derivatives, pharmacokinetics, therapeutic and toxic dosages, mechanism of action, and their biological effects","Avermectins are a group of drugs that occurs naturally as a product of fermenting Streptomyces avermitilis, an actinomycetes, isolated from the soil. Eight different structures, including ivermectin, abamectin, doramectin, eprinomectin, moxidectin, and selamectin, were isolated and divided into four major components (A1a, A2a, B1a and B2a) and four minor components (A1b, A2b, B1b, and B2b). Avermectins are generally used as a pesticide for the treatment of pests and parasitic worms as a result of their anthelmintic and insecticidal properties. Additionally, they possess anticancer, anti-diabetic, antiviral, antifungal, and are used for treatment of several metabolic disorders. Avermectin generally works by preventing the transmission of electrical impulse in the muscle and nerves of invertebrates, by amplifying the glutamate effects on the invertebrates-specific gated chloride channel. Avermectin has unwanted effects or reactions, especially when administered indiscriminately, which include respiratory failure, hypotension, and coma. The current review examines the mechanism of actions, biosynthesis, safety, pharmacokinetics, biological toxicity and activities of avermectins. Copyright © 2020 by the authors. Licensee MDPI, Basel, Switzerland.",Excluded,,,,,,,,,,
Attenuation of clinical and immunological outcomes during SARS-CoV-2 infection by ivermectin,"The devastating pandemic due to SARS-CoV-2 and the emergence of antigenic variants that jeopardize the efficacy of current vaccines create an urgent need for a comprehensive understanding of the pathophysiology of COVID-19, including the contribution of inflammation to disease. It also warrants for the search of immunomodulatory drugs that could improve disease outcome. Here, we show that standard doses of ivermectin (IVM), an anti-parasitic drug with potential immunomodulatory activities through the cholinergic anti-inflammatory pathway, prevent clinical deterioration, reduce olfactory deficit, and limit the inflammation of the upper and lower respiratory tracts in SARS-CoV-2-infected hamsters. Whereas it has no effect on viral load in the airways of infected animals, transcriptomic analyses of infected lungs reveal that IVM dampens type I interferon responses and modulates several other inflammatory pathways. In particular, IVM dramatically reduces the Il-6/Il-10 ratio in lung tissue and promotes macrophage M2 polarization, which might account for the more favorable clinical presentation of IVM-treated animals. Altogether, this study supports the use of immunomodulatory drugs such as IVM, to improve the clinical condition of SARS-CoV-2-infected patients. Copyright © 2021 The Authors. Published under the terms of the CC BY 4.0 license",Excluded,,,,,,,,,,
The association between the use of ivermectin and mortality in patients with COVID-19: a meta-analysis,"Objective: The effect of ivermectin on mortality in patients with novel coronavirus disease 2019 (COVID-19) has been investigated in many studies. We aimed to perform a meta-analysis of randomized controlled trials to investigate the overall effect of ivermectin on the risk of mortality in patients with COVID-19. Method(s): We systematically searched PubMed, Cochrane Central Register of Controlled Trials, Google Scholar, and preprint repository databases (up to February 28, 2021). Random-effects and inverse variance heterogeneity meta-analysis were used to pool the odds ratio of individual trials. The risk of bias was appraised using Version 2 of the Cochrane risk-of-bias tool for randomized trials. Result(s): Six randomized controlled trials were included in this analysis with a total of 658 patients who were randomized to receive ivermectin and 597 patients randomized in the control group who did not receive ivermectin. Of six trials, four had an overall high risk of bias. The estimated effect of ivermectin indicated mortality benefits (pooled odds ratio = 0.21; 95% confidence interval 0.11-0.42, n = 1255), with some evidence against the hypothesis of 'no significant difference' at the current sample size. Conclusion(s): We observed a preliminary beneficial effect on mortality associated with ivermectin use in patients with COVID-19 that warrants further clinical evidence in appropriately designed large-scale randomized controlled trials. Copyright © 2021, Maj Institute of Pharmacology Polish Academy of Sciences.",Included,,,,,,,,,,
Are COVID-19 antivirals active against adenovirus?,"Purpose : Presently, there is no FDA approved antiviral therapy for the treatment of adenovirus (Ad) ocular infections, the most common ocular viral infection worldwide. During the COVID-19 pandemic, much attention has been placed on several potential antiviral treatments for SARS-CoV-2 infections. Remdesivir, hydroxychloroquine, ivermectin, and umifenovir (Arbidol) have been touted as potential COVID-19 treatments. The goal of the current study was to determine whether these potential COVID-19 antivirals produced in vitro antiviral activity against a panel of ocular adenovirus types. Methods : The 50% inhibitory concentrations (IC ) of remdesivir (REM), hydroxychloroquine (HCQ), ivermectin (IVM), and umifenovir (UMF) and cidofovir (CDV) (positive antiviral control) were determined for the human Ad types Ad3, Ad4, Ad5, Ad7a, Ad8, Ad19/64 and Ad37 using standard plaque-reduction assays on A549 cells. Briefly, cells infected with ~100 PFU of the Ad types were treated with final concentrations of the antivirals of 100, 10, 1.0, 0.1, 0.01 and 0.001 muM. After incubation, the numbers of plaques from each virus/drug concentration were counted and the mean IC<inf>50</inf>concentrations from 2-3 assays were determined by regression analysis. Results : The range of mean in vitro IC<inf>50</inf>concentrations for each antiviral across the range of Ad types are as follows: The positive antiviral control, CDV, ranged from 0.47 - 9.62 muM; REM ranged from 0.21 - 11.27 muM; UMF ranged from 3.72 - 64.8 muM; IVR ranged from 2.60 - 201.3 muM; and HCQ was > 10 muM for all Ad types because of toxicity to the A549 cells demonstrated at the 100 muM concentrations. REM produced lower IC<inf>50</inf>concentrations than CDV for 5 of 7 Ad types. Conclusions : REM demonstrated anti-adenovirus activity in vitro in a range similar to that demonstrated by cidofovir. UMF and IVR demonstrated less antiviral activity than CDV and REM. The anti-adenovirus activity of HCQ could not be accurately determined. Further investigation of REM as an antiviral for adenovirus is indicated.",Excluded,,,,,,,,,,
The Approved Dose of Ivermectin Alone is not the Ideal Dose for the Treatment of COVID-19,"Caly et al.<sup>1</sup> reported that ivermectin inhibited severe acute respiratory syndrome-coronavirus 2 (SARS-CoV-2) in vitro for up to 48 hours using ivermectin at 5 muM. The concentration resulting in 50% inhibition (IC<inf>50</inf>; 2 microM) was > 35x higher than the maximum plasma concentration (C<inf>max</inf>) after oral administration of the approved dose of ivermectin when given fasted. Simulations were conducted using an available population pharmacokinetic model to predict total (bound and unbound) and unbound plasma concentration-time profiles after a single and repeat fasted administration of the approved dose of ivermectin (200 mug/kg), 60 mg, and 120 mg. Plasma total C<inf>max</inf> was determined and then multiplied by the lung:plasma ratio reported in cattle to predict the lung C<inf>max</inf> after administration of each single dose. Plasma ivermectin concentrations of total (bound and unbound) and unbound concentrations do not reach the IC<inf>50</inf>, even for a dose level 10x higher than the approved dose. Even with the high lung:plasma ratio, ivermectin is unlikely to reach the IC<inf>50</inf> in the lungs after single oral administration of the approved dose (predicted lung: 0.0873 microM) or at doses 10x higher that the approved dose administered orally (predicted lung: 0.820 microM). In summary, the likelihood of a successful clinical trial using the approved dose of ivermectin is low. Combination therapy should be evaluated in vitro. Repurposing drugs for use in coronavirus disease 2019 (COVID-19) treatment is an ideal strategy but is only feasible when product safety has been established and experiments of repurposed drugs are conducted at clinically relevant concentrations. Copyright © 2020 The Authors. Clinical Pharmacology & Therapeutics published by Wiley Periodicals LLC on behalf of American Society for Clinical Pharmacology and Therapeutics.",Excluded,,,,,,,,,,
Antivirals virtual screening to SARS-CoV-2 non-structural proteins,"In March 2020, the World Health Organization (WHO) declared coronavirus disease-19 (COVID-19), caused by the severe acute respiratory syndrome coronavirus 2 (SARS-CoV-2), a pandemic. Since then, the search for a vaccine or drug for COVID-19 treatment has started worldwide. In this regard, a fast approach is the repurposing of drugs, primarily antiviral drugs. Herein, we performed a virtual screening using 22 antiviral drugs retrieved from the DrugBank repository, azithromycin (antibiotic), ivermectin (antinematode), and seven non-structural proteins (Nsps) of SARS-CoV-2, which are considered important targets for drugs, via molecular docking and molecular dynamics simulations. Drug-receptor binding energy was employed as the main descriptor. Based on the results, paritaprevir was predicted as a promising multi-target drug that favorably bound to all tested Nsps, mainly adipose differentiation-related protein (ADRP) (-36.2 kcal mol<sup>-1</sup>) and coronavirus main proteinase (Mpro) (-32.2 kcal mol<sup>-1</sup>). Moreover, the results suggest that simeprevir is a strong inhibitor of Mpro (-37.2 kcal mol<sup>-1</sup>), which is an interesting finding because Mpro plays an important role in viral replication. In addition to drug-receptor affinity, hot spot residues were characterized to facilitate the design of new drug derivatives with improved biological responses. Copyright © 2021 Informa UK Limited, trading as Taylor & Francis Group.",Excluded,,,,,,,,,,
Antivirals that target the host IMPα/β1-virus interface,"Although transport into the nucleus mediated by the importin (IMP) α/β1-heterodimer is central to viral infection, small molecule inhibitors of IMPα/β1-dependent nuclear import have only been described and shown to have antiviral activity in the last decade. Their robust antiviral activity is due to the strong reliance of many different viruses, including RNA viruses such as human immunodeficiency virus-1 (HIV-1), dengue (DENV), and Zika (ZIKV), on the IMPα/β1-virus interface. High-throughput compound screens have identified many agents that specifically target this interface. Of these, agents targeting IMPα/β1 directly include the FDA-approved macrocyclic lactone ivermectin, which has documented broad-spectrum activity against a whole range of viruses, including HIV-1, DENV1-4, ZIKV, West Nile virus (WNV), Venezuelan equine encephalitis virus, chikungunya, and most recently, SARS-CoV-2 (COVID-19). Ivermectin has thus far been tested in Phase III human clinical trials for DENV, while there are currently close to 80 trials in progress worldwide for SARS-CoV-2; preliminary results for randomised clinical trials (RCTs) as well as observational/retrospective studies are consistent with ivermectin affording clinical benefit. Agents that target the viral component of the IMPα/β1-virus interface include N-(4-hydroxyphenyl) retinamide (4-HPR), which specifically targets DENV/ZIKV/WNV non-structural protein 5 (NS5). 4-HPR has been shown to be a potent inhibitor of infection by DENV1-4, including in an antibody-dependent enhanced animal challenge model, as well as ZIKV, with Phase II clinical challenge trials planned. The results from rigorous RCTs will help determine the therapeutic potential of the IMPα/β1-virus interface as a target for antiviral development.",Excluded,,,,,,,,,,
Antivirals that target the host IMPalpha/beta1-virus interface,"Although transport into the nucleus mediated by the importin (IMP) alpha/beta1-heterodimer is central to viral infection, small molecule inhibitors of IMPalpha/beta1-dependent nuclear import have only been described and shown to have antiviral activity in the last decade. Their robust antiviral activity is due to the strong reliance of many different viruses, including RNA viruses such as human immunodeficiency virus-1 (HIV-1), dengue (DENV), and Zika (ZIKV), on the IMPalpha/beta1-virus interface. High-throughput compound screens have identified many agents that specifically target this interface. Of these, agents targeting IMPalpha/ beta1 directly include the FDA-approved macrocyclic lactone ivermectin, which has documented broad-spectrum activity against a whole range of viruses, including HIV-1, DENV1-4, ZIKV, West Nile virus (WNV), Venezuelan equine encephalitis virus, chikungunya, and most recently, SARS-CoV-2 (COVID-19). Ivermectin has thus far been tested in Phase III human clinical trials for DENV, while there are currently close to 80 trials in progress worldwide for SARS-CoV-2; preliminary results for randomised clinical trials (RCTs) as well as observational/retrospective studies are consistent with ivermectin affording clinical benefit. Agents that target the viral component of the IMPalpha/beta1-virus interface include N-(4-hydroxyphenyl) retinamide (4-HPR), which specifically targets DENV/ZIKV/WNV non-structural protein 5 (NS5). 4-HPR has been shown to be a potent inhibitor of infection by DENV1-4, including in an antibody-dependent enhanced animal challenge model, as well as ZIKV, with Phase II clinical challenge trials planned. The results from rigorous RCTs will help determine the therapeutic potential of the IMPalpha/beta1-virus interface as a target for antiviral development. Copyright © 2021 The Author(s). This is an open access article published by Portland Press Limited on behalf of the Biochemical Society and distributed under the Creative Commons Attribution License 4.0 (CC BY).",Excluded,,,,,,,,,,
Antiviral vector effects of ivermectin on COVID-19: An update,"Ivermectin proposes several potentials effects, with its antimicrobial, antiviral, and anti-cancer properties. In a recently published systematic review, Ivermectin is effective on several enveloped, positive-sense, single-stranded RNA viruses such as Zika Virus, Dengue Virus, Yellow Fever Virus, West Nile Virus, Venezuelan Equine Encephalitis Virus, Chikungunya Virus, Semliki Forest Virus, Sindbis Virus, Porcine Reproductive and Respiratory Syndrome Virus, and Human Immunodeficiency Virus Type 1. Also, SARS-CoV-2 is considered as an enveloped, positive-sense, single-stranded RNA virus that was inhibited by Ivermectin in in-vitro evaluations. Although several clinical trials about the effectiveness of Ivermectin on COVID-19 are on the way, the current in vitro research is usually used in the early stages to outline new medications. Additionally, further clinical trials are required to confirm the safety and efficacy of ivermectin for human use against COVID-19 either therapeutic or preventive. We reviewed the vector effects of ivermectin on COVID-19. Copyright © 2020 DAR Publishers/The University of Jordan. All Rights Reserved.",Excluded,,,,,,,,,,
Antiviral treatment of COVID-19: An update,"Currently there is not an effective antiviral treatment for COVID-19, but a large number of drugs have been evaluated since the beginning of the pandemic and many of them have been used for the treatment of COVID-19 despite the preliminary or conflicting results of the clinical trials. We aimed to review and summarize all of the current knowledge on the antivirals for COVID-19. There are 2 main drug groups for SARS-CoV-2: Agents that target proteins or RNA of the virus or interfere with proteins or biological processes in the host that support the virus. The main drug groups include inhibitors of viral entry into the human cell (convalescent plasma, monoclonal antibodies, nanobodies, mini proteins, human soluble ACE-2, camostat, dutasteride, proxalutamide, bromhexin, hydroxychloroquine, umifenovir nitazoxanid, niclosamide, lactoferrin), inhibitors of viral proteases (lopinavir/ritonavir, PF-07321332, PF-07304814, GC376), inhibitors of viral RNA (remdesivir, favipiravir, molnupiravir, AT-527, merimepodib, PTC299); inhibitors of host proteins supporting virus (plitidepsin, fluvoxamine, ivermectin) and agents supporting host natural immunity (Interferons). When taking into account the results of all the available laboratory and clinical trials on the subject, monoclonal antibodies are seem to be the most effective treatment for COVID-19 at the moment and high-titer convalescent plasma also could be effective when administered during the early phase of the disease. As lopinavir/ritonavir, hydroxychloroquine, merimepodib, and umifenovir were found to be ineffective in RCTs, they should not be used. Additional studies are needed to define the role of remdesivir, favipiravir, interferons, ivermectin, dutasteride, proxulutamide, fluvoxamine, bromhexine, nitazoxanide and niclosamid in the treatment of COVID-19. Finally, the results of phase trials are waited to learn whether or not the newer agents such as molnupiravir, PF-07321332, PF-07304814, plitidepsin and AT-527 are effective in the treatment of COVID-19.",Excluded,,,,,,,,,,
Antiviral treatment of covid-19,"Currently, there is not any specific effective antiviral treatment for COVID-19. Although most of the COVID-19 patients have mild or moderate courses, up to 5%-10% can have severe, potentially life threatening course, there is an urgent need for effective drugs. Optimized supportive care remains the mainstay of therapy. There have been more than 300 clinical trials going on, various antiviral and immunomodulating agents are in various stages of evaluation for COVID-19 in those trials and some of them will be published in the next couple of months. Despite the urgent need to find an effective antiviral treatment for COVID-19 through randomized controlled studies, certain agents are being used all over the world based on either in-vitro or extrapolated evidence or observational studies. The most frequently used agents both in Turkey and all over the world including chloroquine, hydroxychloroquine, lopinavir/ ritonavir, favipiravir and remdesivir will be reviewed here.Nitazoxanide and ivermectin were also included in this review as they have recently been reported to have an activity against SARS-CoV-2 in vitro and are licensed for the treatment of some other human infections. Copyright © TUBITAK.",Excluded,,,,,,,,,,
Antiviral Effects of Ivermectin in COVID-19- Clinically Plausible?,,Excluded,,,,,,,,,,
Antiviral effect of high-dose ivermectin in adults with COVID-19: A proof-of-concept randomized trial,"Background: There are limited antiviral options for the treatment of patients with COVID-19. Ivermectin (IVM), a macrocyclic lactone with a wide anti-parasitary spectrum, has shown potent activity against SARS-CoV-2 in vitro. This study aimed at assessing the antiviral effect of IVM on viral load of respiratory secretions and its relationship with drug concentrations in plasma. Method(s): Proof-of-concept, pilot, randomized, controlled, outcome-assessor blinded trial to evaluate antiviral activity of high-dose IVM in 45 COVID-19 hospitalized patients randomized in a 2:1 ratio to standard of care plus oral IVM at 0.6 mg/kg/day for 5 days versus standard of care in 4 hospitals in Argentina. Eligible patients were adults with RT-PCR confirmed SARS-CoV-2 infection within 5 days of symptoms onset. The primary endpoint was the difference in viral load in respiratory secretions between baseline and day-5, by quantitative RT-PCR. Concentrations of IVM in plasma were measured. Study registered at ClinicalTrials.gov: NCT04381884. Finding(s): 45 participants were recruited (30 to IVM and 15 controls) between May 18 and September 9, 2020. There was no difference in viral load reduction between groups but a significant difference was found in patients with higher median plasma IVM levels (72% IQR 59-77) versus untreated controls (42% IQR 31-73) (p = 0.004). Mean ivermectin plasma concentration levels correlated with viral decay rate (r: 0.47, p = 0.02). Adverse events were similar between groups. No differences in clinical evolution at day-7 and day-30 between groups were observed. Interpretation(s): A concentration dependent antiviral activity of oral high-dose IVM was identified at a dosing regimen that was well tolerated. Large trials with clinical endpoints are necessary to determine the clinical utility of IVM in COVID-19. Funding(s): This work was supported by grant IP-COVID-19-625, Agencia Nacional de Promocion de la Investigacion, el Desarrollo Tecnologico y la Innovacion, Argentina and Laboratorio ELEA/Phoenix, Argentina. Copyright © 2021 The Author(s)",Included,,,,,,,,,,
Antiviral Drug Ivermectin at Nanomolar Concentrations Inhibits Glycine-Induced Chloride Current in Rat Hippocampal Neurons,"Ivermectin (IVM) belongs to the class of macrocyclic lactones, which is used as an antiparasitic agent. At present, the researchers focus on possibility to use IVM in treatment of certain forms of cancer and viral diseases such as COVID-19. The mechanisms of IVM action are not clear. It is assumed that IVM affects chloride channels and increases cytoplasmic concentration of chloride. This study examines the effect of IVM on chloride currents induced by glycine (I<inf>Gly</inf>). Experiments were carried out on isolated pyramidal neurons of the rat hippocampus with whole-cell patch clamp. A short-term (600 msec) application of IVM in a concentration of 10 muM induced a slow inward current, which persisted after washing the neurons. The low concentrations (0.1-1000 nM) of IVM did not induce any novel current, but it rapidly and reversibly reduced the peak amplitude and accelerated desensitization of I<inf>Gly</inf> in a dose-dependent manner. The threshold concentrations of IVM sufficient to reduce peak amplitude of I<inf>Gly</inf> and to accelerate desensitization of I<inf>Gly</inf> were 100 nM and 0.1 nM, respectively. The study revealed a high sensitivity of neuronal glycine receptors to IVM. Copyright © 2021, Springer Science+Business Media, LLC, part of Springer Nature.",Excluded,,,,,,,,,,
Antiviral and anti-inflammatory properties of ivermectin and its potential use in Covid-19,,Excluded,,,,,,,,,,
Antiviral activity of ivermectin against SARS-CoV-2: An old-fashioned dog with a new trick-A literature review,"The coronavirus disease 2019 (COVID-19) pandemic is a major global threat. With no effective antiviral drugs, the repurposing of many currently available drugs has been considered. One such drug is ivermectin, an FDA-approved antiparasitic agent that has been shown to exhibit antiviral activity against a broad range of viruses. Recent studies have suggested that ivermectin inhibits the replication of severe acute respiratory syndrome coronavirus 2 (SARS-CoV-2), thus suggesting its potential for use against COVID-19. This review has summarized the evidence derived from docking and modeling analysis, in vitro and in vivo studies, and results from new investigational drug protocols, as well as clinical trials, if available, which will be effective in supporting the prospective use of ivermectin as an alternative treatment for COVID-19. Copyright © 2020 by the authors. Licensee MDPI, Basel, Switzerland.",Excluded,,,,,,,,,,
"The antiviral activity of iota-, kappa-, and lambda-carrageenan against COVID-19: A critical review","Objective: There is no specific antiviral treatment available for coronavirus disease 2019 (COVID-19). Among the possible natural constituents is carrageenan, a polymer derived from marine algae that possesses a variety of antiviral properties. The purpose of this review was to summarize the evidence supporting carrageenan subtypes' antiviral activity against the emerging severe acute respiratory syndrome coronavirus-2 (SARS-CoV-2), the causative agent of COVID-19. Method(s): PubMed/MEDLINE and Google Scholar searches were conducted for publications using the terms 'carrageenan', 'iota carrageenan', 'kappa carrageenan', lambda-carrageenan', 'coronavirus', 'common cold', 'rhinovirus', and 'SARS-CoV-2' search was also done in grey literature to increase our understanding. A search for the word ""carrageenan"" was also carried out. Most of the publications were discussed in narrative. Result(s): Carrageenan has been shown to have potent antiviral activity against both coronaviruses (coronavirus NL63, SARS-CoV-2) and non-coronaviruses such as dengue virus, herpes simplex virus, cytomegalovirus, vaccinia virus, vesicular stomatitis virus, sindbis virus, human immunodeficiency virus, influenza virus, human papillomavirus, rabies virus, junin virus, tacaribe virus, African swine fever, bovine herpes virus, suid herpes virus, and rhinovirus. No in vivo study has been conducted using carrageenan as an anti-SARS-CoV-2 agent. The majority of the in vivo research was done on influenza, a respiratory virus that causes common cold together with coronavirus. Thus, various clinical trials were conducted to determine the transferability of these in vitro data to clinical effectiveness against SARS-CoV-2. When combined with oral ivermectin, nasally administered iota-carrageenan improved outcome in COVID-19 patients. It is still being tested in clinics for single-dose administration. Conclusion(s): Though the carrageenan exhibited potent antiviral activity against SARS-CoV-2 and was used to treat COVID-19 under emergency protocol in conjunction with oral medications such as ivermectin, there is no solid evidence from clinical trials to support its efficacy. Thus, clinical trials are required to assess its efficacy for COVID-19 treatment prior to broad application. Copyright © 2021 The Author",Excluded,,,,,,,,,,
Anti-inflammatory activity of ivermectin in late-stage COVID-19 may reflect activation of systemic glycine receptors,,Excluded,,,,,,,,,,
26433 Interventions for skin wellbeing clinics in for health care staff during the SARS-CoV2 outbreak: A perspective from London (UK),"Introduction: An acute increase of dermatologic conditions occurred in National Healthcare System (NHS) health care workers (HCW) during the SARS-CoV2 outbreak. Novel ""skin wellbeing"" clinics were established to support colleagues. Method(s): HCW self-referred to dermatologists during an 8-week period in spring 2020. Clinics were supported by clinical nurse specialists in tandem to a publication of a departmental advice leaflet. Attendees were provided with samples of emollients, dressings, prescriptions and consultations free of charge. Result(s): A total of 90 electronic medical records were analyzed retrospectively. Parameters included age, sex, ethnicity, diagnosis, previous history, interventions, and investigations. Of 80 new attendances, the commonest complaint was hand dermatitis (57; 71%) followed by (PPE) related skin conditions (33; 41.3%) and flares of pre-existing skin disease (15; 18.8%). A total of 197 separate prescription items were issued. Topical corticosteroid prescriptions were comprised of mild (9), moderate (23), potent (27) and very potent (14) preparations, 4 combined with calcipotriol monohydrate, fusidic acid 2%, miconazole nitrate 2% and clotrimazole 1.0%. Other topical preparations included ketoconazole 2% (1), tacrolimus 0.1% (3), ivermectin 1% (1), azelaic acid 15% (1), adapalene 0.1% (1), adapalene with benzoyl peroxide (1), and combined clindamycin 1% with benzoyl peroxide 5% (8). Oral prescription medications included lymecycline (1) and doxycycline (1). Remaining items included emollients, soap substitutes, cleansing solutions and barrier creams. Discussion(s): Our study demonstrates a significant burden of occupational dermatologic disease in HCWs as a direct consequence of the pandemic. We discuss measures implemented locally to aid staff recovery and share our experience. Copyright © 2021",Excluded,,,,,,,,,,
